lookback_days,vol_norm,bucket,horizon_hours,count,mean,median,std,t_stat
7,False,0.0,1,59536,0.0001074920290968,0.0001242333522118,0.0136412472337001,1.9227021290873387
7,False,1.0,1,82027,8.906039661745762e-05,0.0001469435736676,0.0123280201131701,2.069043896707428
7,False,2.0,1,76654,9.503011515116172e-05,0.0001684982423625,0.011613624896838,2.2654833350876915
7,False,3.0,1,80107,8.045886702854279e-05,0.0001363512407961,0.011601595262816,1.962869542679731
7,False,4.0,1,81060,8.652115789340115e-05,0.0001009200696006,0.0116204880987097,2.1198310655909625
7,False,5.0,1,77480,8.628021509390816e-05,0.0001063823900344,0.0112316636282366,2.138267015376393
7,False,6.0,1,75341,0.0001111618550873,8.654262224139231e-05,0.0122537387704922,2.490020130984317
7,False,7.0,1,81421,5.056373323614679e-05,0.0,0.0121643703184908,1.1860901917588842
7,False,8.0,1,77261,5.53548720118191e-05,0.0,0.0137315109491706,1.120515028974914
7,False,9.0,1,89481,0.0003009933751204,-0.0001025124082727,0.0174780791753226,5.151440036747693
7,False,0.0,4,59527,0.0002120287937307,0.000296823983378,0.0261698226968194,1.9767468719493988
7,False,1.0,4,82015,0.0002385063447737,0.0003471017007983,0.0238391894463418,2.8652010152763454
7,False,2.0,4,76642,0.0003362942974799,0.0004164940128986,0.0226207925492972,4.115713172337864
7,False,3.0,4,80098,0.0003033678465176,0.0003374104204506,0.0226393181567317,3.792425359497989
7,False,4.0,4,81048,0.0003101691037806,0.0003276916021114,0.0226609635898007,3.896649232505341
7,False,5.0,4,77468,0.0003299936047143,0.0003018867993309,0.0219179978201071,4.190499718900385
7,False,6.0,4,75332,0.00037432913909,0.0001990074475974,0.0232315878598725,4.422465868467473
7,False,7.0,4,81409,0.0002778203954999,8.747917813312078e-05,0.0236909857663799,3.3459327163605126
7,False,8.0,4,77249,0.0003805819143883,-0.0001295840352469,0.0264184855225413,4.003931712968339
7,False,9.0,4,89469,0.0012075701339034,-0.0004048438374434,0.0340289536886904,10.614512656124072
7,False,0.0,8,59515,0.0002384079370091,8.721817626788919e-05,0.0358107710402127,1.6241280117128272
7,False,1.0,8,81999,0.0004408410886992,0.0003579945026606,0.0328616426512054,3.8414667246646457
7,False,2.0,8,76626,0.0006174853193334,0.000502498647556,0.0317523237008518,5.383183709168361
7,False,3.0,8,80086,0.0005916822576337,0.0004392467038408,0.0313633970420128,5.338801231628411
7,False,4.0,8,81032,0.0006742836218199,0.0003452939454678,0.0317854088790413,6.038694896030355
7,False,5.0,8,77452,0.0006531644346647,0.0004665096967703,0.0305927281296223,5.941835718803484
7,False,6.0,8,75320,0.0007591766383293,0.0002089649660225,0.032093406106604,6.492054833915082
7,False,7.0,8,81393,0.0005437913830363,-3.2470695197739374e-05,0.0329170810294337,4.713076976409012
7,False,8.0,8,77233,0.0008224215982044,-0.0002125857401472,0.0364790409627369,6.2654540214588375
7,False,9.0,8,89453,0.0023324542912613,-0.0006224518377889,0.0488102054954906,14.292228820459364
7,False,0.0,24,59467,0.0004242374740062,-0.0001468860164511,0.0615709042008592,1.6802407437952194
7,False,1.0,24,81935,0.0011970057462525,0.0005566688933422,0.0582877812060465,5.87832292864086
7,False,2.0,24,76562,0.0021295574635045,0.0012433734488589,0.0627099704489244,9.396354695817568
7,False,3.0,24,80038,0.0024287697820111,0.0008969955677233,0.069249354230273,9.92244583864413
7,False,4.0,24,80968,0.0026735799026543,0.000844694763614,0.0572490173620094,13.2886798074029
7,False,5.0,24,77388,0.0019625215609745,0.0011381111482926,0.0535898133108148,10.18753242774592
7,False,6.0,24,75272,0.0022304054200761,0.0008396393781476,0.0567486608685607,10.783132006969986
7,False,7.0,24,81329,0.0020584937192409,0.0003348263936857,0.0571819621118423,10.26628245996836
7,False,8.0,24,77169,0.002835822855374,6.569188387373082e-05,0.0664167294009163,11.86104760721039
7,False,9.0,24,89389,0.0058020820391007,-0.0010114453021027,0.0901782990480614,19.23640293014862
7,False,0.0,72,59323,0.0021678478921466,-0.0021673577082549,0.1032629242520697,5.113237198979647
7,False,1.0,72,81743,0.0049467737837868,-9.436836110299218e-05,0.1026394193843767,13.779490194510672
7,False,2.0,72,76370,0.0067335122941024,0.0012551498214948,0.1065291807281332,17.46764936782233
7,False,3.0,72,79894,0.0080982863807191,0.0010473070552921,0.136605612595171,16.756436695616824
7,False,4.0,72,80776,0.0070998239469649,0.0017893819753167,0.1116445496472238,18.073872953254156
7,False,5.0,72,77196,0.0056890921354889,0.0017246632478098,0.0963350312978956,16.408017976995104
7,False,6.0,72,75128,0.0067512746050159,0.000283666744176,0.1027236860278821,18.014246123107995
7,False,7.0,72,81137,0.00645726771103,-0.0005591798695246,0.1012032973024418,18.174547322091072
7,False,8.0,72,76977,0.0090802916982012,-0.0009208103130755,0.1194237409545546,21.09549009893685
7,False,9.0,72,89197,0.0130562256711569,-0.0026163839769036,0.145315347681927,26.83374489260721
7,False,0.0,168,59035,0.0077698252384365,-0.0051935788479697,0.1658006290703673,11.386227592324287
7,False,1.0,168,81359,0.0159607936253728,0.0002716357907317,0.1710561038372444,26.614524249179453
7,False,2.0,168,75986,0.0184730836785736,0.0017794512499395,0.2007289894732819,25.368576058071746
7,False,3.0,168,79606,0.0183410773226453,0.0014223053283153,0.1855796556395978,27.88479001444857
7,False,4.0,168,80392,0.0193088130850653,0.0030903187818264,0.184848608822125,29.61732347613417
7,False,5.0,168,76812,0.0153667781072397,0.0016666336818955,0.1704555315155718,24.98539717956546
7,False,6.0,168,74840,0.0175943982358599,0.0,0.1811823709329314,26.565951081231667
7,False,7.0,168,80753,0.019014649732043,0.0006593768888398,0.1857997125374859,29.08188981832536
7,False,8.0,168,76593,0.0213485386223103,-0.0023081361800346,0.2087785547376031,28.29937243779259
7,False,9.0,168,88813,0.0219000960308279,-0.0053087454596255,0.2138074109871029,30.525412027696014
14,False,0.0,1,59536,0.0001255131709161,9.941258151413555e-05,0.0132937698375121,2.3037267891554087
14,False,1.0,1,82027,0.0001118237563901,0.000145581598486,0.0120891169560224,2.649219310159074
14,False,2.0,1,76654,8.739639809883985e-05,0.0001265742922925,0.0119703565158434,2.02140744148591
14,False,3.0,1,80107,0.0001006069206039,0.000138523341183,0.0118132454496178,2.4104263291563632
14,False,4.0,1,81060,5.4548300921874814e-05,0.0001025372324511,0.0117069920351389,1.3265975915289236
14,False,5.0,1,77481,5.77678426313076e-05,0.0001049783601425,0.0115344983087127,1.3940714972377797
14,False,6.0,1,75342,0.0001059216110793,0.0001007015546146,0.0121133649307916,2.4001498052465613
14,False,7.0,1,81419,3.807006568350911e-05,0.0,0.0123254638333781,0.8813395032678581
14,False,8.0,1,77261,0.000148973562244,0.0,0.0137907202783956,3.002634121637398
14,False,9.0,1,89481,0.0002452361458371,-7.905138339925344e-05,0.0171905292705442,4.267373425554407
14,False,0.0,4,59527,0.0003219502574128,0.0003212335367812,0.0256368815412974,3.0639422681175685
14,False,1.0,4,82015,0.0003388571162515,0.000394903488408,0.0232379194316046,4.176053112791772
14,False,2.0,4,76642,0.0002349158094131,0.0003258523079823,0.0229193041567568,2.8375546303023023
14,False,3.0,4,80098,0.0003778041249026,0.000345622344596,0.0230278356477929,4.6432750476496585
14,False,4.0,4,81048,0.0002511206643562,0.0003042681889735,0.0229872052135654,3.11005042041055
14,False,5.0,4,77469,0.0002480916492114,0.0001926930784645,0.0220222423119546,3.1355561637000986
14,False,6.0,4,75333,0.0003633180943529,0.0001837492190659,0.0235230644690933,4.239218093586522
14,False,7.0,4,81407,0.0002960805694016,8.666262241097122e-05,0.0238171170868127,3.546921614382675
14,False,8.0,4,77249,0.0005637227647729,0.0,0.0266242268365015,5.884844634369447
14,False,9.0,4,89469,0.0010215850764796,-0.000283783086528,0.0336332928843771,9.08534539575165
14,False,0.0,8,59515,0.0005750064049312,0.0002821670428894,0.0354030182263907,3.962284107974947
14,False,1.0,8,81999,0.0005929436117217,0.0004474940334129,0.0321797533632889,5.276366584306419
14,False,2.0,8,76626,0.0004548607168968,0.0003261850841677,0.0316343909887848,3.9802195736296233
14,False,3.0,8,80086,0.0007083929643075,0.0003912873419896,0.0322291904892145,6.2201827314881575
14,False,4.0,8,81032,0.0005261835630191,0.0003714502404291,0.0322329089229448,4.646929197420551
14,False,5.0,8,77453,0.0005560806417126,0.0003620302657301,0.0306996260984094,5.041082588738159
14,False,6.0,8,75321,0.0005928338273079,4.67442621416847e-05,0.0325049654482955,5.005429012995947
14,False,7.0,8,81391,0.0006395027267415,0.0,0.0330245744145197,5.524504901043925
14,False,8.0,8,77233,0.0010840001591604,0.0,0.0374979165116636,8.03384892262948
14,False,9.0,8,89453,0.0020492439421954,-0.0005816207832493,0.0476952212636712,12.850388187725637
14,False,0.0,24,59467,0.0013897701695641,0.0,0.0613040981428711,5.528298601290374
14,False,1.0,24,81935,0.0015561275809074,0.0009697873927638,0.0569525391424154,7.821081978346886
14,False,2.0,24,76562,0.0017303304863283,0.0007159513488956,0.0556318832638359,8.606209868928856
14,False,3.0,24,80038,0.0028401333385543,0.0008351682495296,0.0762520393123011,10.537446450337397
14,False,4.0,24,80968,0.0016469308147945,0.0007986614592396,0.0559778750042799,8.371738482919767
14,False,5.0,24,77389,0.0017308479939241,0.0010732492621412,0.0533567045365662,9.024217374764326
14,False,6.0,24,75273,0.0016081340141188,0.000397061743101,0.0591356925128875,7.46091622417211
14,False,7.0,24,81327,0.0024163361797635,0.0006291286568103,0.06256601959585,11.01377516136821
14,False,8.0,24,77169,0.0036730970978359,0.0,0.0705534557631721,14.462239673586714
14,False,9.0,24,89389,0.0054103103220291,-0.0006524575902566,0.0833408688577983,19.4091354783354
14,False,0.0,72,59323,0.0043494267875351,-0.0014119958254036,0.1028791747566796,10.297127866775494
14,False,1.0,72,81743,0.003645805500513,0.000682642905903,0.0987477188592547,10.555813539791965
14,False,2.0,72,76370,0.0051825595872029,0.0007538151383782,0.1054301488150772,13.584413099959209
14,False,3.0,72,79894,0.0073976743900912,0.0007622914389361,0.1410727281397463,14.822082609228543
14,False,4.0,72,80776,0.0057695870952983,0.0003053490913975,0.1010745512601741,16.22348245358031
14,False,5.0,72,77197,0.0047847258593824,0.0004154549231407,0.0936957753750677,14.188525401988318
14,False,6.0,72,75129,0.0072287222296236,0.0005186721991701,0.1028000626697869,19.27400474630197
14,False,7.0,72,81135,0.0078319805611313,0.0003656689129185,0.1097372734403463,20.329259318431998
14,False,8.0,72,76977,0.0104771866860781,-0.0009113249824702,0.1228058213044674,23.670433909482515
14,False,9.0,72,89197,0.0138822396909695,-0.0015904572564611,0.1451519408421781,28.56352585826755
14,False,0.0,168,59035,0.0066295423950759,-0.0014903129657227,0.1601266331917287,10.059462215017888
14,False,1.0,168,81359,0.0143055038712464,-0.0003026634382568,0.188294960351523,21.670416765651023
14,False,2.0,168,75986,0.0156628296039606,0.0007011156505272,0.1890885588589689,22.83346194761383
14,False,3.0,168,79606,0.0167402785097664,-0.0013408429166385,0.1855538150806876,25.454565732808945
14,False,4.0,168,80392,0.0155964273871866,0.0013797556160636,0.1700351364003987,26.00715644021163
14,False,5.0,168,76813,0.0137850156403713,0.0012791358726547,0.1688339581084209,22.62897198065314
14,False,6.0,168,74841,0.0203323779345107,0.0002696871628911,0.1908826801607803,29.140127008351385
14,False,7.0,168,80751,0.0190804451898961,0.000314267756128,0.1867755954851196,29.0296853416
14,False,8.0,168,76593,0.0239099599192605,-0.0002297266253158,0.1953031632233325,33.88161559774473
14,False,9.0,168,88813,0.0281660756019353,-0.003633213157821,0.2270689470398839,36.96637499169601
30,False,0.0,1,59536,8.601335599166338e-05,8.537612271197759e-05,0.0128562484626757,1.6324559161170618
30,False,1.0,1,82027,0.00015270957494,0.0001477541371159,0.0122751219330247,3.5630249838648407
30,False,2.0,1,76654,7.231572518756554e-05,0.0001314811257481,0.0117488723126107,1.7041349089256814
30,False,3.0,1,80107,0.0001025001025168,0.0001385809312637,0.0119084559001172,2.436150311428501
30,False,4.0,1,81060,3.391825875356336e-05,9.804886225006636e-05,0.0117974604771225,0.81855585181364
30,False,5.0,1,77481,8.75902907268057e-05,0.0001189673632866,0.0117983237795649,2.0664898010022323
30,False,6.0,1,75341,7.772873958502336e-05,3.548993860236216e-05,0.0122348630165238,1.7438061472241997
30,False,7.0,1,81420,9.569570820853949e-05,0.0,0.0124978661466286,2.184852589971196
30,False,8.0,1,77261,0.0001424549476862,0.0,0.0141092245685584,2.8064321965653725
30,False,9.0,1,89481,0.0002150594232484,-4.112180277993094e-05,0.0167375233695188,3.843551413732547
30,False,0.0,4,59527,0.0002536474820235,0.0003058103975535,0.0250069182253906,2.47472747158544
30,False,1.0,4,82015,0.000452122731765,0.0004211708549768,0.0235181459549401,5.505539797040829
30,False,2.0,4,76642,0.0002839331518493,0.0003202204009696,0.0228927078065634,3.4336209722216755
30,False,3.0,4,80098,0.0003023053294835,0.0003531073446327,0.0228211656672541,3.7490291395055775
30,False,4.0,4,81048,0.0002038238623093,0.0001888401885299,0.0231076396267107,2.511138069665261
30,False,5.0,4,77469,0.0003203652682132,0.0002947678703022,0.0227313590973039,3.922690096237182
30,False,6.0,4,75332,0.000374573368066,0.0001353271688826,0.0239468584507061,4.293170117780763
30,False,7.0,4,81408,0.0003833380518363,8.164807639132743e-05,0.0240034319553393,4.556612880399586
30,False,8.0,4,77249,0.0005221785695195,0.0,0.0273170386407003,5.312902674399951
30,False,9.0,4,89469,0.0009160649164225,-0.0002392344497607,0.0325615630924117,8.415061566582224
30,False,0.0,8,59515,0.0004393078988034,0.0001382552191344,0.0344121196525912,3.11437429834274
30,False,1.0,8,81999,0.0008395647494522,0.0006669630947087,0.0325602690608343,7.383639572404446
30,False,2.0,8,76626,0.0005600653225588,0.0003183193468044,0.0319011166184933,4.859827747291589
30,False,3.0,8,80086,0.0005751740793767,0.0003259986818175,0.0317248774524428,5.130712200644671
30,False,4.0,8,81032,0.0004119183523786,0.0001883159730847,0.0322214421524673,3.639103824529324
30,False,5.0,8,77453,0.0005539774527608,0.0003964059196617,0.0317516507322164,4.85562235637924
30,False,6.0,8,75320,0.0007763331978479,0.0,0.0330886445043504,6.439087656993096
30,False,7.0,8,81392,0.0007526679780461,0.0,0.033404007548389,6.4282939319145305
30,False,8.0,8,77233,0.0010473199035525,0.0,0.0381866813624873,7.621999080184413
30,False,9.0,8,89453,0.0018221298941059,-0.0005210475798711,0.0464409584452729,11.734797894499746
30,False,0.0,24,59467,0.0012967691449585,7.280669821629893e-05,0.060999309767903,5.184128554295122
30,False,1.0,24,81935,0.0026239334705047,0.001469867711906,0.0576008025699425,13.03944220523582
30,False,2.0,24,76562,0.0012595466610459,0.0005506987015838,0.0545171643198551,6.392748775550323
30,False,3.0,24,80038,0.0017175630192543,0.0010177278158114,0.0560122791024711,8.675161140448092
30,False,4.0,24,80968,0.0011951454098881,0.0005412969875281,0.0559922662289167,6.073645058344456
30,False,5.0,24,77389,0.0025357568827165,0.0011060417530761,0.073915250299376,9.543620875887452
30,False,6.0,24,75272,0.0024223072269012,0.0001940696042455,0.0603539580126303,11.01134059790158
30,False,7.0,24,81328,0.002326729074023,0.0003629222884206,0.0606158846330973,10.946604193497974
30,False,8.0,24,77169,0.0038321867194781,0.0004756242568371,0.0757836524276608,14.04729054728526
30,False,9.0,24,89389,0.0048727368274334,-0.0008948694153519,0.0810877826820007,17.96633819871929
30,False,0.0,72,59323,0.0037479948126848,-0.0014556040756914,0.1024334727029439,8.91186578789514
30,False,1.0,72,81743,0.0061820834698862,0.0007545746085644,0.1042094143392355,16.96106801241359
30,False,2.0,72,76370,0.0040342333264523,0.0,0.094231148599846,11.831176224478831
30,False,3.0,72,79894,0.0044600493928403,0.0004908224347336,0.094853925623007,13.29050372959859
30,False,4.0,72,80776,0.0043941137927501,9.524723969878136e-05,0.101218480259022,12.338224233439131
30,False,5.0,72,77197,0.010069091175188,0.0015299710398339,0.1512724970314153,18.49398534904856
30,False,6.0,72,75128,0.0080328710404644,0.0011490512982516,0.1050679363271523,20.955667859757572
30,False,7.0,72,81136,0.0068138587709662,-0.0003539703314568,0.1124705326628267,17.2568360251765
30,False,8.0,72,76977,0.0106982760748237,0.0007017543859648,0.1202652791425225,24.680504217941916
30,False,9.0,72,89197,0.0123025115143496,-0.0027671884977842,0.138389061929326,26.55015975462729
30,False,0.0,168,59035,0.0108486925913542,-0.0021176087310637,0.1677234530441296,15.715868708602262
30,False,1.0,168,81359,0.0151783696064692,0.0002934702861334,0.165803874848311,26.11158587000264
30,False,2.0,168,75986,0.0107020356232395,-0.0018796573453933,0.165551272004191,17.819711227667135
30,False,3.0,168,79606,0.014151037529491,-0.0001749820333408,0.175195479928155,22.78968313113695
30,False,4.0,168,80392,0.0121037943316515,0.0003261844594796,0.1581102820765434,21.705402247613453
30,False,5.0,168,76813,0.0232698293576182,0.0020868905331057,0.2173040664418306,29.6785520395878
30,False,6.0,168,74840,0.0228187646884439,0.000882193187499,0.2043160573285776,30.55318711633542
30,False,7.0,168,80752,0.0198262097869118,0.0005541609998677,0.1952968331316086,28.848360730351377
30,False,8.0,168,76593,0.0228756502571616,0.0004662004662006,0.1914287116124502,33.07203446229778
30,False,9.0,168,88813,0.0242040285899281,-0.0035689773507205,0.2212050595057473,32.608503728311725
14,True,0.0,1,59536,5.511765349628792e-05,0.0001431238925027,0.0117750344796068,1.1421374159359006
14,True,1.0,1,82027,0.0001059596226424,0.0001580028440513,0.0117335131720814,2.5863705820702085
14,True,2.0,1,76654,8.074527352098008e-05,0.0001245175183579,0.0119603222921251,1.869139169281467
14,True,3.0,1,80107,0.0001235446589036,0.0001210946960523,0.0119369888772756,2.9293038295145664
14,True,4.0,1,81060,5.751191763954107e-05,0.000139686064546,0.0119493296999695,1.370306141713503
14,True,5.0,1,77481,7.935043938893347e-05,6.664889362850701e-05,0.011901240316826,1.8559006323641996
14,True,6.0,1,75342,0.0001093132028106,5.699244953261129e-05,0.0128479787941547,2.335373674143374
14,True,7.0,1,81419,4.814088397563037e-05,0.0,0.0125823406126185,1.091730654594094
14,True,8.0,1,77261,0.0001508535937667,0.0,0.0141711121581618,2.958910901861232
14,True,9.0,1,89481,0.0002475968302364,-4.3305040706709264e-05,0.0168257443374845,4.401859832775221
14,True,0.0,4,59527,9.697057333691056e-05,0.0003527336860669,0.0229383227168608,1.0314194166211517
14,True,1.0,4,82015,0.0003107460118566,0.0004428697962799,0.0227784985644209,3.906853388297424
14,True,2.0,4,76642,0.0002676013401727,0.0002985939803509,0.0229027792594253,3.234696297440276
14,True,3.0,4,80098,0.000402657978775,0.0003352177788262,0.0231576949426682,4.920982454614495
14,True,4.0,4,81048,0.0002257651674095,0.0002068752809468,0.0233451068702174,2.7531648841502907
14,True,5.0,4,77469,0.0003780147184648,0.0002214348981399,0.0230987632630542,4.554953597843494
14,True,6.0,4,75333,0.0004239317642867,0.0002270340834917,0.0246826171692101,4.714084712988455
14,True,7.0,4,81407,0.0002513079526678,0.0,0.024353520983068,2.944254502230637
14,True,8.0,4,77249,0.0006368248446574,0.0,0.0272979429077217,6.483903017104974
14,True,9.0,4,89469,0.0009838469074362,-0.0002532301922739,0.0327722305346258,8.979617036290621
14,True,0.0,8,59515,0.0001518562642335,0.0004079967360259,0.0318517384476347,1.1630885755036484
14,True,1.0,8,81999,0.0005507822541133,0.0005636131359436,0.0316875924718736,4.977313237475823
14,True,2.0,8,76626,0.0005181442146549,0.0002892682483958,0.0318194689639008,4.507604498349239
14,True,3.0,8,80086,0.0006716908108217,0.0003867730932184,0.0322611392888816,5.892071495940206
14,True,4.0,8,81032,0.0005429821084692,0.0002478186837983,0.0324482647720696,4.763457794106922
14,True,5.0,8,77453,0.0007203384055648,0.0002512562814069,0.032430135149852,6.181685892928927
14,True,6.0,8,75321,0.0007901948332381,0.0001146851289604,0.0342949118311393,6.323572959183136
14,True,7.0,8,81391,0.0005158969508731,0.0,0.0333891601288687,4.40804133494486
14,True,8.0,8,77233,0.0013607279441396,0.0,0.0405996215557874,9.31431176962156
14,True,9.0,8,89453,0.0018979925944618,-0.0004787704092809,0.0448502182085785,12.656901733368896
14,True,0.0,24,59467,0.0004891933457588,0.0005764353239567,0.0546241576360025,2.183905303880824
14,True,1.0,24,81935,0.0014064212908158,0.0008180330848934,0.0563428587929979,7.145148878363667
14,True,2.0,24,76562,0.0018382579030093,0.000831543209592,0.055827992296308,9.110895528798851
14,True,3.0,24,80038,0.0024471233716678,0.0009494327360073,0.0761184405547179,9.09523859798618
14,True,4.0,24,80968,0.0018265825630443,0.0007918869179789,0.0564464084387943,9.207881031614829
14,True,5.0,24,77389,0.0023668486855437,0.0006244796003331,0.0570988577289817,11.53141736759514
14,True,6.0,24,75273,0.0021323809800244,0.0001411642917081,0.0681966385653001,8.578699276657773
14,True,7.0,24,81327,0.001972737708586,0.0003931676204622,0.0612166945297157,9.190028255088658
14,True,8.0,24,77169,0.0040556228075863,0.0004189155939957,0.0681976076698638,16.519992766171573
14,True,9.0,24,89389,0.0053246582165427,-0.0004530675337134,0.0811138168701395,19.626322804910824
14,True,0.0,72,59323,0.0018392533339746,-0.0006413339746673,0.0902404486553265,4.9642295888061945
14,True,1.0,72,81743,0.0036603047110251,0.0007007708479327,0.0983390800870809,10.641831684431232
14,True,2.0,72,76370,0.0058612030996069,0.000771434428926,0.1097738441114498,14.75534244370949
14,True,3.0,72,79894,0.007457119458396,0.0004487826826379,0.1409934606999804,14.949587602074464
14,True,4.0,72,80776,0.006092182105665,0.0005513620192795,0.101252227547779,17.100525709861387
14,True,5.0,72,77197,0.0062601426946569,-8.590327291468913e-05,0.104794610589564,16.597607728070773
14,True,6.0,72,75129,0.0059287023761526,-7.065797449612443e-05,0.1040524991726506,15.617479245792854
14,True,7.0,72,81135,0.0079498463719375,0.0003325450783329,0.1096644028435953,20.648912231132897
14,True,8.0,72,76977,0.0111585145283294,-0.000940832113736,0.1232429080506297,25.120306643615155
14,True,9.0,72,89197,0.0137348399936686,-0.0006790542626088,0.1404981590636943,29.196318625762963
14,True,0.0,168,59035,0.003832999967521,-0.0020779049166256,0.1373066449590977,6.78269118149886
14,True,1.0,168,81359,0.0145689393805109,-0.0002519843769686,0.1853698626977423,22.41772869809684
14,True,2.0,168,75986,0.0157029818088276,0.0007267802701262,0.1972052505067252,21.94979384028695
14,True,3.0,168,79606,0.0177220409335443,-0.0003822634996662,0.1898098211485915,26.343165268922185
14,True,4.0,168,80392,0.0162595841983148,0.0,0.177401379951423,25.98716226375283
14,True,5.0,168,76813,0.0193258273810866,0.0009111128976069,0.1937785261520651,27.64074925755718
14,True,6.0,168,74841,0.0159493098750128,-0.0009452139455411,0.1754357580038504,24.87101841977463
14,True,7.0,168,80751,0.0174643985587837,0.0020267987839206,0.1780576851288483,27.871918640575256
14,True,8.0,168,76593,0.0252378687370502,-0.0006808278867102,0.2014373268571098,34.67426530845934
14,True,9.0,168,88813,0.027494541379865,-0.0023643949930459,0.2198919051289867,37.26280192943894
7,True,0.0,1,59536,3.175509825873723e-05,0.00013024915715764696,0.011634545186760731,0.6659687895620384
7,True,1.0,1,82027,8.744693599142036e-05,0.0001731901627988197,0.011916971586367273,2.101634104151716
7,True,2.0,1,76654,7.785901847442913e-05,0.00016694507568326689,0.01160842077923286,1.8569627574269063
7,True,3.0,1,80107,7.884318853949762e-05,0.00013009822415921413,0.011778416202051955,1.894578117597585
7,True,4.0,1,81060,0.00011122858128874446,0.0001027643656604793,0.012118831558662179,2.613117559937741
7,True,5.0,1,77481,9.963271018333518e-05,8.259002312516195e-05,0.011913177390153682,2.3279408652210196
7,True,6.0,1,75340,0.00013590317333507951,0.00010885162644502788,0.012737949281249024,2.928484233703639
7,True,7.0,1,81421,-1.190223754568801e-05,0.0,0.012591454912591078,-0.26972482189913133
7,True,8.0,1,77261,9.134120236341038e-05,0.0,0.014061370073039656,1.8055904468061799
7,True,9.0,1,89481,0.0003400122633835919,-5.5149897421280514e-05,0.017106707620760477,5.945570908534934
7,True,0.0,4,59527,5.864929042632893e-05,0.0003714969003227875,0.02295091528183415,0.6234760139487595
7,True,1.0,4,82015,0.00020787032277509994,0.0003544685187648611,0.02299896263748166,2.5883969971378726
7,True,2.0,4,76642,0.00032113239576427385,0.00040430478000574865,0.022882113340051403,3.885271760672395
7,True,3.0,4,80098,0.0002791189608963141,0.0003407034340822124,0.022822896541119436,3.461221670703207
7,True,4.0,4,81048,0.00035833925578080853,0.00034240712318334143,0.023351850118016233,4.368619742198738
7,True,5.0,4,77469,0.00033302083982703366,0.00022441651705551457,0.022993948688053285,4.031083820822788
7,True,6.0,4,75331,0.00037536014829540486,0.0001386513842029924,0.024416428242030424,4.2194213383666215
7,True,7.0,4,81409,0.0001386292753915099,0.0,0.02429863192383309,1.6278310975983379
7,True,8.0,4,77249,0.000510739860540514,0.0,0.026934611504763624,5.2703016219018615
7,True,9.0,4,89469,0.0013395461869345829,-0.0003147198992896616,0.03335792419899061,12.011436968534687
7,True,0.0,8,59515,-1.921492088982039e-05,0.0002572163475278444,0.03183218001992788,-0.14726021747985588
7,True,1.0,8,81999,0.00034899175519941786,0.00037119524870088405,0.03185888288479762,3.1368149681692827
7,True,2.0,8,76626,0.0006427890809776541,0.0004979936453316514,0.03189974696869102,5.577882099030062
7,True,3.0,8,80086,0.0006070920220575778,0.0004948576225312085,0.03183866456012858,5.396075079891155
7,True,4.0,8,81032,0.0006464058839305257,0.0003700449637409342,0.032465520305894335,5.667756877203722
7,True,5.0,8,77453,0.0006845625189035564,0.00022436616558207945,0.03197991975102909,5.95737405115699
7,True,6.0,8,75319,0.0007498575434645112,0.00010402881840176903,0.03381753930486042,6.085398652203318
7,True,7.0,8,81393,0.0003290615687576587,-0.00011516756881257972,0.033568722893804206,2.796635542624847
7,True,8.0,8,77233,0.0010016402586293218,-0.00020546537908372464,0.037544961381652545,7.414153308954796
7,True,9.0,8,89453,0.002599141583823384,-0.0003200682812333211,0.0476101152011676,16.32781835823748
7,True,0.0,24,59467,-0.000284302882586756,0.0002424098773945449,0.05503107085485847,-1.259828167196542
7,True,1.0,24,81935,0.0014714256126047431,0.0007428730615655077,0.06284027447945253,6.702471362970416
7,True,2.0,24,76562,0.001878621632305649,0.0010291296329094646,0.06062670769126709,8.57397018856541
7,True,3.0,24,80038,0.002074267485609159,0.0007317288555942492,0.06563509965959613,8.940807094770417
7,True,4.0,24,80968,0.002512588945642995,0.0010125085066924333,0.05792395441465754,12.342977791278113
7,True,5.0,24,77389,0.002096694355131305,0.0009732360097323145,0.05643690129931455,10.335026221601156
7,True,6.0,24,75271,0.0022239176007101944,0.0005443799253421755,0.059159592456705906,10.313530597528734
7,True,7.0,24,81329,0.0014771480304440272,-0.0001173433466321594,0.05839682993470624,7.2136898126122055
7,True,8.0,24,77169,0.0035412888109409655,-0.00014869335712430765,0.07511300737780953,13.096873501503907
7,True,9.0,24,89389,0.006509287318478444,0.0,0.08375337544409842,23.236631029758442
7,True,0.0,72,59323,0.0002758001821375814,-0.0017798947104537,0.09378821260890628,0.7162387970994257
7,True,1.0,72,81743,0.004858859378612878,0.0006506180871828082,0.10597919904669595,13.108076988962393
7,True,2.0,72,76370,0.006794887103931702,0.0004115694138114856,0.10840789232062673,17.321389984929738
7,True,3.0,72,79894,0.007173852611326471,0.0008798374320538871,0.13616579636389,14.8916047927761
7,True,4.0,72,80776,0.006906066951687403,0.0013488800679224422,0.1072697417800692,18.297624918781178
7,True,5.0,72,77197,0.005789032825557688,0.0006380659227909202,0.09987486200309674,16.104603303600662
7,True,6.0,72,75127,0.006676940740732711,0.0,0.10639675975732618,17.200740471427228
7,True,7.0,72,81137,0.005989251529155167,-0.0008710801393729817,0.10324378358365137,16.524111376344624
7,True,8.0,72,76977,0.009709330354017436,-0.0008536975776332056,0.1204794609095247,22.35922535137153
7,True,9.0,72,89197,0.015205077170781301,-0.0002844545583842173,0.14302142208457572,31.751384017856918
7,True,0.0,168,59035,0.003963442799887912,-0.0038778371746560625,0.1529412083488204,6.296552974518454
7,True,1.0,168,81359,0.01585016495529293,0.0005249343832021136,0.17567236853829168,25.735530826318
7,True,2.0,168,75986,0.019141848193815994,0.001300620357454596,0.20304400904445924,25.98725928014801
7,True,3.0,168,79606,0.01838295713693797,0.0017234355972806092,0.1878004481019374,27.61796351316175
7,True,4.0,168,80392,0.018536544370206902,0.0025966432367376946,0.18345505393157815,28.648739023215388
7,True,5.0,168,76813,0.017183931482130717,0.0003116956241955293,0.17967589101816497,26.506359794331193
7,True,6.0,168,74839,0.016842532821712646,-0.0021045815120608324,0.18144485031276486,25.39374437693439
7,True,7.0,168,80753,0.016538933389234275,-0.0005968812952324987,0.18567042706230685,25.313027705857877
7,True,8.0,168,76593,0.022706162403490923,-0.0011091792073865125,0.2061709179102933,30.47971314929783
7,True,9.0,168,88813,0.024763090767237518,-0.0018648562021038595,0.2095232632581372,35.22174513557925
