M,P,horizon_hours,max_k,total_return,profit_factor,max_drawdown,n_trades,turnover,total_trade_cost,total_funding,n_bars,sharpe
168,0.95,24,3,-0.999999664267936,0.8705500677639733,0.9999996841592922,66466,23107.333333333336,23.10733333333333,-0.7862016033333332,33390,-3.648778045859026
168,0.95,24,5,-0.9999979475811437,0.8740197789487812,0.9999981091620042,100154,21312.166666666668,21.31216666666667,-0.674307234,33390,-3.5798568487895417
168,0.95,24,10,-0.9999892170147521,0.884277982150691,0.9999900222915467,161299,19787.088095238098,19.787088095238094,-0.5998466045753968,33390,-3.288131128007043
168,0.95,72,3,-0.9999996553698363,0.8706981391995315,0.9999996760555521,66309,23037.0,23.037,-0.7824792616666666,33390,-3.6470151357623397
168,0.95,72,5,-0.999997712229932,0.8748533629841821,0.9999978940761202,99969,21238.7,21.238699999999998,-0.6731157935000001,33390,-3.5550420687599793
168,0.95,72,10,-0.9999892316464556,0.884005054031055,0.9999900440415511,161331,19705.351587301586,19.705351587301585,-0.5987333697023809,33390,-3.2974925981036933
168,0.95,168,3,-0.9999996553698363,0.8706981391995315,0.9999996760555521,66309,23037.0,23.037,-0.7824792616666666,33390,-3.6470151357623397
168,0.95,168,5,-0.9999977099276466,0.8748642418296014,0.9999978919568348,99963,21238.7,21.238699999999998,-0.6731157935000001,33390,-3.554730357512652
168,0.95,168,10,-0.999989209134965,0.8840270423753913,0.9999900232283911,161330,19705.062698412698,19.705062698412696,-0.5987333697023809,33390,-3.2968168536999114
168,0.98,24,3,-0.9997236976158977,0.9341316473284554,0.9997835024739509,45272,17367.0,17.367,-0.8604989983333333,33390,-1.7378912702483742
168,0.98,24,5,-0.9997517103382585,0.9280798844411536,0.9997999899313265,64570,16849.2,16.8492,-0.7720643893333332,33390,-1.9287742939614354
168,0.98,24,10,-0.9997187410029905,0.9273360990206863,0.9997728982518784,89998,16420.845238095237,16.42084523809524,-0.7210364893849206,33390,-1.9714063656323153
168,0.98,72,3,-0.9998196642107642,0.9295232480308726,0.9998509178816734,44856,17135.666666666664,17.13566666666667,-0.8593153699999999,33390,-1.869074594781377
168,0.98,72,5,-0.9998184210231261,0.9242377078591347,0.9998456757726237,64245,16614.766666666666,16.614766666666668,-0.7695401486666666,33390,-2.04386484680785
168,0.98,72,10,-0.9997858397093974,0.9238951811017192,0.9998175565292495,90099,16208.613492063492,16.208613492063492,-0.7178933976468254,33390,-2.078042052671774
168,0.98,168,3,-0.9998189680590801,0.9295718851084906,0.9998503423787841,44840,17128.666666666664,17.128666666666668,-0.8595307666666666,33390,-1.867543234927387
168,0.98,168,5,-0.9998196285486436,0.9241661911418955,0.9998467020502563,64224,16608.5,16.6085,-0.7696312258333333,33390,-2.0453820613524445
168,0.98,168,10,-0.9997893487785855,0.9237222241240666,0.9998205459105207,90107,16201.97619047619,16.201976190476188,-0.717967422670635,33390,-2.082555924975894
168,0.99,24,3,-0.9897051687809133,0.9668474147699115,0.9943000882439996,27398,12062.333333333332,12.062333333333333,-0.7984148583333333,33390,-0.776470412007177
168,0.99,24,5,-0.990526783889164,0.9636541602371261,0.9934470264285122,36098,11891.766666666666,11.891766666666667,-0.7685238529999999,33390,-0.8631169419336653
168,0.99,24,10,-0.9905952473472173,0.9626883271763196,0.9943646712175854,48089,11822.412698412698,11.822412698412698,-0.7519032914880952,33390,-0.893186963153207
168,0.99,72,3,-0.9916984735104112,0.9647936065891711,0.9949334775544079,26904,11722.333333333332,11.722333333333335,-0.8049834116666666,33390,-0.8364393450727604
168,0.99,72,5,-0.9937502537153929,0.9592682585181856,0.9954551503857819,36060,11633.066666666668,11.633066666666668,-0.7718441588333333,33390,-0.9822398615748169
168,0.99,72,10,-0.9933956647499164,0.9589523765570993,0.9956616417285559,48512,11578.94761904762,11.578947619047618,-0.7523513650595238,33390,-0.9978576120377979
168,0.99,168,3,-0.9914952925067252,0.9650831549537485,0.9950886965363173,26902,11704.333333333332,11.704333333333334,-0.8060003416666667,33390,-0.8301037638025149
168,0.99,168,5,-0.9937830719438286,0.9592522225257554,0.995564015949945,36076,11615.166666666666,11.615166666666667,-0.772385224,33390,-0.9833686621914296
168,0.99,168,10,-0.9935203404275882,0.9587855159807249,0.995959722376483,48608,11563.070634920634,11.563070634920635,-0.7528043320634921,33390,-1.0027500195086376
336,0.95,24,3,-0.9999995857824483,0.8750418433558566,0.9999996219411064,62743,21817.666666666664,21.817666666666668,-0.8602822016666667,33390,-3.5276070343256354
336,0.95,24,5,-0.9999970970044691,0.8824541577474633,0.9999973730927925,93172,19785.466666666667,19.785466666666665,-0.7696974355,33390,-3.3211616356377593
336,0.95,24,10,-0.9999838500520257,0.8934915170385986,0.9999854476201767,148797,18117.192063492064,18.117192063492062,-0.6940159316666668,33390,-2.997541884594568
336,0.95,72,3,-0.9999995844658035,0.874931411464373,0.9999996242120972,62549,21735.333333333332,21.735333333333337,-0.8593037016666667,33390,-3.529406802595168
336,0.95,72,5,-0.9999971964492835,0.8819976790364499,0.9999974863092591,92846,19688.100000000006,19.688100000000002,-0.7680890918333334,33390,-3.3337854070423756
336,0.95,72,10,-0.9999858536726531,0.8919709055078368,0.9999873697583179,148783,18012.122222222224,18.01212222222222,-0.6921478327420635,33390,-3.042026094535423
336,0.95,168,3,-0.9999995955954163,0.8747023942270221,0.9999996342771506,62540,21733.333333333332,21.733333333333334,-0.8596442149999999,33390,-3.5366048048422116
336,0.95,168,5,-0.9999972205192603,0.8819148305956597,0.9999975078906336,92846,19687.433333333334,19.687433333333335,-0.7682555998333334,33390,-3.3362620285500784
336,0.95,168,10,-0.9999858261877592,0.8919921331675374,0.9999873452190262,148770,18009.650793650795,18.009650793650792,-0.6922971557420635,33390,-3.0412819041304444
336,0.98,24,3,-0.9999679189840552,0.9152821898736996,0.9999714654920491,40332,15582.666666666666,15.582666666666668,-0.88661084,33390,-2.2280205567654896
336,0.98,24,5,-0.9999198889897112,0.9196726252347656,0.9999296191366982,57356,14973.866666666667,14.973866666666668,-0.8084411386666668,33390,-2.128590366582536
336,0.98,24,10,-0.999847316372645,0.9240288088094288,0.9998675688988753,81498,14461.840476190477,14.461840476190476,-0.7631282320952382,33390,-2.0188261711636946
336,0.98,72,3,-0.9999543868857459,0.9186419311613204,0.9999620726859059,39697,15255.666666666666,15.255666666666666,-0.88317302,33390,-2.1385937244365216
336,0.98,72,5,-0.9998843638352521,0.9231952657588095,0.9999041075521389,56934,14676.133333333331,14.676133333333333,-0.8047877426666666,33390,-2.034614203985189
336,0.98,72,10,-0.9998108127341993,0.9259555666814507,0.9998451120018966,81197,14158.569841269842,14.158569841269841,-0.7580390601865079,33390,-1.9693926722028519
336,0.98,168,3,-0.9999576893976173,0.9179335527174336,0.9999648187252215,39670,15246.0,15.246,-0.8833589316666667,33390,-2.1570572224516353
336,0.98,168,5,-0.9998860890038634,0.9230062373790398,0.9999055381654895,56927,14667.066666666666,14.667066666666669,-0.8052152315000001,33390,-2.039397050212496
336,0.98,168,10,-0.9998172261165796,0.9255366000359687,0.9998503626510551,81139,14147.995238095238,14.14799523809524,-0.7582790300753969,33390,-1.9807420676541156
336,0.99,24,3,-0.9862565930645255,0.973623631158056,0.9966954775698413,27948,11852.0,11.852,-0.8901245416666665,33390,-0.6299705587520615
336,0.99,24,5,-0.9910610214826652,0.9670454965695146,0.9971434868180487,37839,11571.300000000001,11.5713,-0.8260736818333334,33390,-0.7926220805027898
336,0.99,24,10,-0.9860572196001678,0.970882148886119,0.996201246568585,51664,11373.426190476192,11.373426190476192,-0.7945514181309523,33390,-0.702866964941034
336,0.99,72,3,-0.9924703986744122,0.9674494323068863,0.9981127578254327,27346,11474.666666666666,11.474666666666668,-0.8873241166666666,33390,-0.788519485669534
336,0.99,72,5,-0.9931846892673956,0.9642363409266126,0.9982024284536608,37487,11229.633333333333,11.229633333333332,-0.8239511238333334,33390,-0.8710708461063507
336,0.99,72,10,-0.9908305454046858,0.9662796726767291,0.9979075311736528,51745,11028.340476190477,11.028340476190477,-0.7925611406309525,33390,-0.8245871692315497
336,0.99,168,3,-0.9936782610806326,0.9655034776392255,0.9982867227712297,27289,11435.0,11.434999999999999,-0.8861631999999999,33390,-0.8364622229562351
336,0.99,168,5,-0.9936370013232441,0.9633345880814613,0.9982196197774161,37424,11190.199999999999,11.1902,-0.823143191,33390,-0.8934625889804483
336,0.99,168,10,-0.9912281159847625,0.9656752309860673,0.9978811017689265,51690,10989.59285714286,10.989592857142856,-0.7914083243214285,33390,-0.839649684150442
720,0.95,24,3,-0.9999975164092405,0.8935621706517373,0.9999979195096389,59046,20380.0,20.38,-0.9212538516666666,33390,-2.9715282210195344
720,0.95,24,5,-0.9999780485278712,0.904098122525825,0.9999812914691192,87900,18377.133333333335,18.377133333333333,-0.8282475953333333,33390,-2.7022520667212016
720,0.95,24,10,-0.9999420509294686,0.9086948443919539,0.9999473972217121,139469,16446.227777777778,16.44622777777778,-0.7643086354642857,33390,-2.5672039174538677
720,0.95,72,3,-0.9999979229824489,0.8915920846081328,0.9999982742485758,58739,20264.666666666664,20.264666666666667,-0.9177074633333333,33390,-3.030000161807584
720,0.95,72,5,-0.9999802807489712,0.9028025357511158,0.9999833306428538,87430,18250.033333333333,18.250033333333334,-0.8268381748333333,33390,-2.742393886547593
720,0.95,72,10,-0.9999441645622852,0.9080507059273687,0.999949728188543,138989,16322.396825396827,16.322396825396826,-0.7611139776626984,33390,-2.587526432903198
720,0.95,168,3,-0.9999979345423299,0.8915338041252533,0.9999982838534445,58719,20259.333333333332,20.259333333333334,-0.916798755,33390,-3.0316069945030777
720,0.95,168,5,-0.9999798177702971,0.9029636412557092,0.9999829392711502,87374,18241.333333333336,18.241333333333333,-0.8260419016666667,33390,-2.7369082937959988
720,0.95,168,10,-0.9999441968519671,0.907994588150823,0.999949757260775,139001,16315.761111111111,16.31576111111111,-0.760390500611111,33390,-2.588677056022643
720,0.98,24,3,-0.9997522067435354,0.9371450895481802,0.9998593232278811,37869,14437.333333333332,14.437333333333333,-0.9602556083333333,33390,-1.6467037153555164
720,0.98,24,5,-0.9994870794637193,0.9408085834135028,0.9997688557095484,53203,13654.7,13.6547,-0.899358727,33390,-1.554011484685059
720,0.98,24,10,-0.999333220483637,0.941242819899015,0.9996601104302373,75036,12959.592063492064,12.959592063492064,-0.8487434666190476,33390,-1.547341437716128
720,0.98,72,3,-0.9997287187565814,0.9376419685155684,0.9997794969636362,37286,14123.0,14.123,-0.9664388866666667,33390,-1.6498708174605436
720,0.98,72,5,-0.999333390018636,0.9429651896431199,0.99962230214375,52511,13332.2,13.3322,-0.9005962176666668,33390,-1.5110905346002446
720,0.98,72,10,-0.9991530918978612,0.943275775817337,0.9995033136859526,74461,12630.455555555554,12.630455555555557,-0.8482072086190476,33390,-1.5080397867338773
720,0.98,168,3,-0.9997171672702184,0.9379821904372779,0.9997750004139592,37249,14099.0,14.099,-0.9667073416666667,33390,-1.6410427526407605
720,0.98,168,5,-0.9992891056006489,0.9435285595110771,0.9996079412920016,52427,13309.266666666666,13.309266666666666,-0.9004448678333333,33390,-1.4957401570332154
720,0.98,168,10,-0.9990817118753764,0.9440582106233304,0.9994844881348874,74424,12607.110317460316,12.60711031746032,-0.8477864419642858,33390,-1.486628685912897
720,0.99,24,3,-0.9974335280086657,0.9558421120949273,0.9986816159502307,25127,10529.666666666668,10.529666666666667,-0.9150079616666665,33390,-1.0612096555732948
720,0.99,24,5,-0.996173878833694,0.9577765602421908,0.9984049343184399,33775,10155.300000000001,10.1553,-0.8561378056666666,33390,-1.0223915014947607
720,0.99,24,10,-0.995765017845713,0.9576125846193051,0.9981778437692792,47044,9851.60634920635,9.85160634920635,-0.8123070931746033,33390,-1.0309687694606968
720,0.99,72,3,-0.9944462593078225,0.9642329737661649,0.9971100467956278,24414,10114.666666666668,10.114666666666666,-0.9313533333333333,33390,-0.8720297690333133
720,0.99,72,5,-0.9940468696186512,0.9628321761236945,0.9976403094197929,33055,9775.333333333334,9.775333333333334,-0.868507222,33390,-0.9149227974788419
720,0.99,72,10,-0.992785229057751,0.9636058366599979,0.9970996125588852,46148,9464.28492063492,9.46428492063492,-0.8229505029325397,33390,-0.899841108981989
720,0.99,168,3,-0.9944388057460397,0.9641560636531669,0.9973057586555255,24307,10053.0,10.053,-0.9389810866666666,33390,-0.8753738511853194
720,0.99,168,5,-0.9931048047385592,0.9643079816709078,0.9974359984761548,32947,9707.866666666667,9.707866666666668,-0.8727844776666667,33390,-0.878973480777298
720,0.99,168,10,-0.992618465647996,0.9638078957855617,0.9972531332278789,46136,9407.227777777778,9.407227777777777,-0.8274504264484126,33390,-0.8959148500205214
