M,P,exit_mode,horizon_hours,max_k,total_return,profit_factor,max_drawdown,n_trades,turnover,total_trade_cost,total_funding,n_bars,sharpe
168,0.95,median,24,3,-0.9970994294061897,0.955018501991431,0.9972545236355905,42510,15065.0,15.065000000000001,-0.7662471066666667,33390,-1.2102326956317953
168,0.95,median,24,5,-0.9992730621012794,0.9337387620829748,0.9993060068552984,80948,16778.7,16.7787,-0.6656175636666667,33390,-1.8309575787431258
168,0.95,median,24,10,-0.9999485229508879,0.9007066320008261,0.9999514303522722,153875,18471.709523809524,18.471709523809523,-0.5956534714960317,33390,-2.7931728841039125
168,0.95,median,72,3,-0.996580866119715,0.9565876578780483,0.9967667976739419,42248,14955.333333333332,14.955333333333334,-0.7592204816666666,33390,-1.1656189830459938
168,0.95,median,72,5,-0.9992478361244368,0.934006090832967,0.9992826140819843,80708,16691.1,16.6911,-0.6646995101666667,33390,-1.821828417351852
168,0.95,median,72,10,-0.9999450756467506,0.9011010971049533,0.9999482275438949,153878,18384.515873015873,18.38451587301587,-0.5943564203293651,33390,-2.7816736919644103
168,0.95,median,168,3,-0.996580866119715,0.9565876578780483,0.9967667976739419,42248,14955.333333333332,14.955333333333334,-0.7592204816666666,33390,-1.1656189830459938
168,0.95,median,168,5,-0.9992478361244368,0.934006090832967,0.9992826140819843,80708,16691.1,16.6911,-0.6646995101666667,33390,-1.821828417351852
168,0.95,median,168,10,-0.999944960826128,0.9011236601598711,0.9999481193123857,153877,18384.226984126984,18.384226984126983,-0.5943564203293651,33390,-2.7809958533965338
168,0.95,horizon,24,3,-0.34246595211541275,1.0123598404714529,0.8182557953135114,4809,1464.6666666666665,1.4646666666666666,-0.58839366,33390,0.32269933898692416
168,0.95,horizon,24,5,-0.6268399842970078,1.0006723094585679,0.7907465112510433,10726,1528.0,1.528,-0.5616229313333334,33390,0.01827540126554103
168,0.95,horizon,24,10,-0.8290820234259844,0.9863735285727527,0.8997932572674849,40619,1688.8468253968251,1.6888468253968252,-0.5067623639484127,33390,-0.3611398957683925
168,0.95,horizon,72,3,-0.28242411189751593,1.0095649946159344,0.8617397630530471,1118,333.6666666666667,0.33366666666666667,-0.42459252666666664,33390,0.26606958187839924
168,0.95,horizon,72,5,0.5163756148082812,1.0181907580557499,0.8400902179754163,2477,339.1,0.3391,-0.34804183883333334,33390,0.49728843883385654
168,0.95,horizon,72,10,0.17409299946206191,1.0136751289149393,0.6928831006594565,9513,365.5801587301587,0.36558015873015864,-0.34763588174603177,33390,0.36332160339358643
168,0.95,horizon,168,3,-0.9594389355717614,0.9682865266360768,0.9679780975062662,166,52.0,0.052000000000000005,-0.40976974833333335,33390,-0.8757168392157217
168,0.95,horizon,168,5,-0.9630093894179426,0.9583051573453654,0.9672862148841115,400,55.5,0.05550000000000001,-0.3992250878333334,33390,-1.17795711748731
168,0.95,horizon,168,10,-0.9047400314047016,0.9657852909063186,0.9165292579854469,1521,60.713492063492055,0.06071349206349206,-0.32385981082142856,33390,-0.9507340360025224
168,0.98,median,24,3,-0.9916572911844412,0.9682350122501301,0.994295736205302,35899,14311.0,14.311,-0.8038974416666665,33390,-0.8156872075860508
168,0.98,median,24,5,-0.9983186872265983,0.9484173094677286,0.9986284754167186,58460,15416.166666666666,15.416166666666665,-0.7615811676666666,33390,-1.3606299957779486
168,0.98,median,24,10,-0.9995111312534035,0.933152093908643,0.9996033158232653,89292,16011.428571428572,16.01142857142857,-0.7161645067301586,33390,-1.8030280329358925
168,0.98,median,72,3,-0.9938808726533761,0.9647858823474926,0.9959143964971403,35525,14084.0,14.084000000000001,-0.7997822016666667,33390,-0.908312101319425
168,0.98,median,72,5,-0.9991561231747441,0.9407561092587635,0.9992737109964069,58259,15188.3,15.188299999999998,-0.7601743656666667,33390,-1.5745314411008051
168,0.98,median,72,10,-0.9996150434256081,0.9301473412643612,0.9996704360729768,89093,15788.964285714286,15.788964285714286,-0.7143055245198413,33390,-1.894756627803413
168,0.98,median,168,3,-0.9942909558440498,0.9640598136989583,0.9959783157562727,35468,14064.333333333332,14.064333333333334,-0.79940419,33390,-0.9274049251484042
168,0.98,median,168,5,-0.9991637189586097,0.9406446831689679,0.999280248365523,58251,15180.2,15.180200000000001,-0.7602965405,33390,-1.5775271897252634
168,0.98,median,168,10,-0.9996204212422855,0.9299950461439201,0.9996750400582075,89109,15782.2,15.7822,-0.7143875763531746,33390,-1.8987239134896954
168,0.98,horizon,24,3,-0.7646969806138256,1.0004870024260628,0.9676544279118549,8609,2454.3333333333335,2.4543333333333335,-0.6033695766666666,33390,0.012834474881542376
168,0.98,horizon,24,5,-0.7553798664196126,0.9964476020393113,0.9562459238186308,20711,2620.233333333333,2.620233333333333,-0.6007745648333334,33390,-0.09542136833542937
168,0.98,horizon,24,10,-0.6170808142860849,0.9994567145944127,0.8950446058054564,66815,2828.242063492063,2.8282420634920635,-0.525410601063492,33390,-0.01436578321655317
168,0.98,horizon,72,3,-0.9314129824596808,0.981322712075821,0.9642051504377448,2504,663.6666666666667,0.6636666666666666,-0.299429505,33390,-0.5113418716512609
168,0.98,horizon,72,5,-0.8757236327861067,0.9820982018343198,0.9322677382918094,6063,676.3,0.6762999999999999,-0.3405002578333334,33390,-0.49987696643594026
168,0.98,horizon,72,10,-0.06662789581884943,1.009977693698339,0.7279102106660245,23637,737.9880952380951,0.737988095238095,-0.4252253911785714,33390,0.2672141353961986
168,0.98,horizon,168,3,-0.9110567863777279,0.9795108300865643,0.9311450867304472,720,191.66666666666669,0.19166666666666668,-0.38910709666666665,33390,-0.5667136965720752
168,0.98,horizon,168,5,-0.7683255851311865,0.988265308296731,0.8596155375811221,1838,201.3,0.20129999999999998,-0.3578746591666667,33390,-0.3191774460992997
168,0.98,horizon,168,10,-0.749719880958408,0.983687312304984,0.8087411394054339,6402,194.51507936507932,0.1945150793650793,-0.3462570748928572,33390,-0.4384948408350095
168,0.99,median,24,3,-0.949795831488788,0.9844401970167882,0.9834689249097527,23397,10733.666666666668,10.733666666666666,-0.7732518783333333,33390,-0.3582407002879084
168,0.99,median,24,5,-0.9832606376355035,0.9700413757481688,0.9924983560765633,34201,11364.833333333332,11.364833333333333,-0.752800674,33390,-0.7068706107316745
168,0.99,median,24,10,-0.9899290822264493,0.963406700457294,0.993864191272994,48180,11666.215873015874,11.666215873015872,-0.7464805830119048,33390,-0.8759391225512823
168,0.99,median,72,3,-0.9681708163334826,0.9790068569972539,0.9809720583773577,23094,10475.666666666668,10.475666666666667,-0.7644185016666667,33390,-0.4911330021202424
168,0.99,median,72,5,-0.9902307175441006,0.9637546241693794,0.9937408111717354,34248,11116.5,11.1165,-0.753614306,33390,-0.8687759890548745
168,0.99,median,72,10,-0.9921876686221838,0.9607684186966408,0.9951367622244828,48652,11423.369047619048,11.423369047619047,-0.7501737180396826,33390,-0.9532960479918956
168,0.99,median,168,3,-0.9670336682388507,0.9794225144838637,0.9814556198771284,23094,10459.0,10.459000000000001,-0.7652025133333332,33390,-0.48178673528194804
168,0.99,median,168,5,-0.989879640396887,0.9642451522463589,0.9938734097594536,34250,11104.366666666667,11.104366666666667,-0.7523211380000001,33390,-0.8576761468398124
168,0.99,median,168,10,-0.9921692329806054,0.9608371140139351,0.9953728682488046,48748,11406.103968253967,11.40610396825397,-0.750768217452381,33390,-0.9522869099615647
168,0.99,horizon,24,3,-0.9044927846064958,0.9918814278221372,0.950650780925401,10417,3162.666666666667,3.1626666666666665,-0.6847407433333332,33390,-0.20936552523471508
168,0.99,horizon,24,5,-0.940965049913768,0.9808929333800025,0.9543604625672324,23362,3362.1666666666665,3.3621666666666665,-0.6282879636666667,33390,-0.5047324869470117
168,0.99,horizon,24,10,-0.9487179920503064,0.9750253585809763,0.9583030090616855,57491,3523.5444444444443,3.5235444444444446,-0.5813261358373016,33390,-0.6702741874167685
168,0.99,horizon,72,3,-0.5808567656794013,1.0043860917198741,0.9215868965773135,3680,982.0,0.982,-0.4875062383333333,33390,0.1193377125147266
168,0.99,horizon,72,5,-0.641378868558768,0.9982124440343239,0.9391435392023225,9312,1028.1333333333332,1.0281333333333331,-0.45146702633333335,33390,-0.05031332652351975
168,0.99,horizon,72,10,-0.3064272829646447,1.0055627781405734,0.852812216241677,31191,1069.9650793650792,1.0699650793650792,-0.46470156025396825,33390,0.15289143666481875
168,0.99,horizon,168,3,-0.8561887659386105,0.9918119728238786,0.9758078183268246,1340,347.6666666666667,0.3476666666666667,-0.29595564999999996,33390,-0.21962631103704125
168,0.99,horizon,168,5,-0.9177540476599665,0.9772070061421843,0.9648405407811834,3434,353.6333333333333,0.35363333333333336,-0.4024817385,33390,-0.6253650170172268
168,0.99,horizon,168,10,-0.8611908500992271,0.9787258542797649,0.9378648055501522,12788,374.147619047619,0.37414761904761895,-0.4603537936825397,33390,-0.583489930185339
168,0.995,median,24,3,-0.9814435780564823,0.9253006043759725,0.9817317914384724,9138,5021.0,5.021,-0.38915560166666674,33390,-1.3322481705577773
168,0.995,median,24,5,-0.9889542120143003,0.9144454732375812,0.9892601287913231,12693,5249.633333333333,5.249633333333334,-0.40893122716666663,33390,-1.5536731651759805
168,0.995,median,24,10,-0.9930269790727463,0.9048454209259718,0.9932248459307472,17973,5380.440476190476,5.380440476190476,-0.42171350092460325,33390,-1.739786805648549
168,0.995,median,72,3,-0.9857406874112958,0.9215697662922998,0.9860685395326114,9120,4921.333333333334,4.921333333333334,-0.39271925166666666,33390,-1.4285152418047118
168,0.995,median,72,5,-0.9885133791640875,0.9177528580434055,0.988916141030514,12709,5158.7,5.1587000000000005,-0.4137862371666666,33390,-1.5198593584774438
168,0.995,median,72,10,-0.9917088419542889,0.9110526046880003,0.9920051607474033,18232,5286.671428571429,5.286671428571429,-0.42540487386111114,33390,-1.651843725599722
168,0.995,median,168,3,-0.9881181989538358,0.9181099084806064,0.988391386995251,9131,4919.333333333334,4.919333333333333,-0.3931852533333333,33390,-1.4988127100255115
168,0.995,median,168,5,-0.9901687529087259,0.9149511842560192,0.9905134714716822,12730,5157.033333333333,5.157033333333333,-0.41436175650000007,33390,-1.5788532124089432
168,0.995,median,168,10,-0.9927974999079787,0.9085788259544992,0.9930549110106146,18231,5285.471428571429,5.285471428571428,-0.4260243655277778,33390,-1.704522130549812
168,0.995,horizon,24,3,-0.9944475284327566,0.9587712037490215,0.9961337801919748,6788,2548.0,2.548,-0.5581068533333333,33390,-1.0100800792445503
168,0.995,horizon,24,5,-0.9944980931617317,0.9566639626661358,0.9962688798552193,12308,2721.5666666666666,2.7215666666666665,-0.562864282,33390,-1.089069143723173
168,0.995,horizon,24,10,-0.9970440317363948,0.9486965606945945,0.9979551146359237,22571,2845.895238095238,2.8458952380952383,-0.5661893014047619,33390,-1.2991115867424885
168,0.995,horizon,72,3,-0.9921758347478523,0.970886768248644,0.9954488050737882,3304,1043.0,1.0430000000000001,-0.5842776999999999,33390,-0.7867586995303927
168,0.995,horizon,72,5,-0.9939061384855935,0.9662051424351428,0.9962569106523828,7420,1127.9666666666667,1.1279666666666666,-0.5699377746666667,33390,-0.9329668884438567
168,0.995,horizon,72,10,-0.9894532026984917,0.9699571440837237,0.9941074465226293,19873,1218.2333333333333,1.2182333333333333,-0.5823291732500001,33390,-0.8352368168320149
168,0.995,horizon,168,3,-0.9935694044927662,0.9705160385316527,0.9979519947890363,1641,469.00000000000006,0.469,-0.6220871733333333,33390,-0.8346786747662108
168,0.995,horizon,168,5,-0.9915871509829566,0.9707509164763048,0.9969450862778813,4105,491.20000000000005,0.49119999999999997,-0.5941503611666666,33390,-0.8347524347207407
168,0.995,horizon,168,10,-0.9952224229320428,0.9641435718323007,0.9971598590840413,13122,528.8333333333333,0.5288333333333333,-0.6070857363928571,33390,-1.0303764315233626
168,0.998,median,24,3,-0.9794533233695635,0.9275313419419056,0.9797724488549798,9047,4974.666666666667,4.974666666666667,-0.3910836183333334,33390,-1.2906063635328942
168,0.998,median,24,5,-0.9873378249583599,0.9173182932724041,0.9876321095140094,12569,5202.1,5.2021,-0.411168242,33390,-1.497909441724434
168,0.998,median,24,10,-0.9920141142381567,0.9076459116713462,0.9922051771751016,17839,5332.95873015873,5.3329587301587305,-0.42391646765079366,33390,-1.68460398506755
168,0.998,median,72,3,-0.9840698048181139,0.9239321651614115,0.984436074107104,9029,4875.0,4.875,-0.3946472683333333,33390,-1.3834823174135669
168,0.998,median,72,5,-0.9868848606217169,0.9204508234648839,0.9872867506885997,12590,5111.1,5.1111,-0.416023252,33390,-1.466754476013406
168,0.998,median,72,10,-0.9904517134066795,0.9138944339460928,0.9907507836949888,18104,5239.062698412699,5.239062698412699,-0.42760091788888893,33390,-1.5953408519516268
168,0.998,median,168,3,-0.9867259092189566,0.9204496834437504,0.9870311089818504,9040,4873.0,4.873,-0.39511327,33390,-1.4538972041534994
168,0.998,median,168,5,-0.9887749253930903,0.9176224668556612,0.9891188977943296,12611,5109.4333333333325,5.1094333333333335,-0.4165987713333334,33390,-1.525908681879038
168,0.998,median,168,10,-0.9917054367209164,0.9113955829633441,0.9919652380378365,18103,5237.862698412699,5.237862698412699,-0.42822040955555557,33390,-1.6481790575917228
168,0.998,horizon,24,3,-0.9954298050529115,0.9567196539372237,0.9968177453919421,6760,2540.0000000000005,2.54,-0.559482855,33390,-1.0591257851146385
168,0.998,horizon,24,5,-0.9948204205024507,0.9559800864839169,0.9965362375515237,12221,2717.3333333333335,2.7173333333333334,-0.5642709113333333,33390,-1.106785070770593
168,0.998,horizon,24,10,-0.9972355226136824,0.947965477964084,0.9981090910777868,22245,2843.1468253968255,2.8431468253968255,-0.5672982338968253,33390,-1.3183797105124988
168,0.998,horizon,72,3,-0.9917237869263319,0.971190659931783,0.9950634119667182,3337,1051.0,1.0510000000000002,-0.5901680349999999,33390,-0.7806360223534099
168,0.998,horizon,72,5,-0.9939887452612226,0.965926177314162,0.9962098355661042,7490,1134.6,1.1346,-0.5725549784999999,33390,-0.9403765236248119
168,0.998,horizon,72,10,-0.9904489382515383,0.9690049282180367,0.994585455007504,19768,1223.0087301587303,1.22300873015873,-0.5841434426904762,33390,-0.8624050496855798
168,0.998,horizon,168,3,-0.99472336014114,0.9688277113110028,0.9979519947890363,1639,467.66666666666674,0.4676666666666667,-0.6244245283333334,33390,-0.8840155736717532
168,0.998,horizon,168,5,-0.991897802646936,0.970482778822208,0.9969450862778813,4060,490.23333333333335,0.4902333333333333,-0.6174299526666667,33390,-0.8444638280594009
168,0.998,horizon,168,10,-0.9943972149733945,0.9656226458072356,0.996779335578042,13190,530.4579365079364,0.5304579365079365,-0.6087921425436509,33390,-0.9884751826146922
336,0.95,median,24,3,-0.997991998223711,0.953833028228232,0.998678171133033,38029,13461.666666666668,13.461666666666666,-0.87240718,33390,-1.2197520495529877
336,0.95,median,24,5,-0.9994051215272239,0.9348845853954765,0.9994536844027926,73434,15031.766666666666,15.031766666666666,-0.7677282188333333,33390,-1.778672939447919
336,0.95,median,24,10,-0.9999131487116046,0.9107460595690227,0.9999216847965336,140253,16537.850000000002,16.53785,-0.6994051166904762,33390,-2.4881749409068368
336,0.95,median,72,3,-0.9981951629375867,0.9525298645230668,0.9988592361310471,37614,13279.0,13.279,-0.8682442233333334,33390,-1.2553844104894731
336,0.95,median,72,5,-0.9993845110227073,0.9350264984979152,0.9994774029839738,72770,14849.433333333334,14.849433333333334,-0.7654650111666668,33390,-1.7742701817658797
336,0.95,median,72,10,-0.9999199514422703,0.9096087159358666,0.9999284798543383,139976,16412.878571428573,16.41287857142857,-0.6978919496984127,33390,-2.5215562042086272
336,0.95,median,168,3,-0.9982098161892972,0.9524535847066122,0.9988592361310471,37599,13274.666666666666,13.274666666666668,-0.8685649533333334,33390,-1.2575463106074667
336,0.95,median,168,5,-0.99938277493788,0.9350416346659923,0.9994694884760831,72776,14846.966666666667,14.846966666666667,-0.7657932671666667,33390,-1.7735531329042835
336,0.95,median,168,10,-0.9999205557745132,0.9095272656660829,0.9999290198007317,139951,16409.869047619046,16.409869047619047,-0.6980163474761905,33390,-2.5239336348414754
336,0.95,horizon,24,3,-0.8634878254121079,0.9957402393361116,0.9703752626783987,4536,1348.0,1.348,-0.6563413433333333,33390,-0.11268700839039773
336,0.95,horizon,24,5,-0.42262667665240927,1.0078128842000313,0.9124094356364039,10563,1438.4333333333334,1.4384333333333335,-0.5949583273333333,33390,0.2098727208594423
336,0.95,horizon,24,10,-0.704200256392178,0.9967056387890446,0.9175034040937443,40045,1613.4253968253965,1.6134253968253967,-0.5605546538015873,33390,-0.08616060398258654
336,0.95,horizon,72,3,-0.8199112101818714,0.9943989531960534,0.8620476578092949,1116,326.0,0.32600000000000007,-0.35087652499999994,33390,-0.14841851184346933
336,0.95,horizon,72,5,-0.5966136906389921,0.9999155789610015,0.7592024157780141,2565,336.1333333333333,0.33613333333333334,-0.3685263416666667,33390,-0.0022969201787947915
336,0.95,horizon,72,10,-0.4810008848572659,1.0007857028818596,0.6707640429374049,10085,362.1555555555555,0.36215555555555556,-0.33799088601190475,33390,0.0208532668671591
336,0.95,horizon,168,3,-0.8609417543484217,0.9905664012474377,0.9326749084333947,269,78.33333333333333,0.07833333333333334,-0.21645088666666668,33390,-0.2562702091762539
336,0.95,horizon,168,5,-0.538076873819474,1.0013683429954898,0.8026894477809197,685,89.93333333333334,0.08993333333333334,-0.27059292733333334,33390,0.03746016972846367
336,0.95,horizon,168,10,-0.5021701056622795,0.9988673217928283,0.7375342148866917,2886,104.515873015873,0.104515873015873,-0.3021602123571429,33390,-0.03162213795928059
336,0.98,median,24,3,-0.9972088008286444,0.9592467003542238,0.9978530333689958,30861,12416.333333333334,12.416333333333334,-0.8558017533333333,33390,-1.031229582131498
336,0.98,median,24,5,-0.9990343630780458,0.9448408137571338,0.9991366181381647,51070,13383.900000000001,13.383899999999999,-0.8192791670000001,33390,-1.434149737817468
336,0.98,median,24,10,-0.9997266076604926,0.930125930097447,0.9997632533682882,80033,13982.159523809523,13.982159523809523,-0.7672356653174603,33390,-1.8495010499465867
336,0.98,median,72,3,-0.9951684604510274,0.9642269263721247,0.9970473493585016,30225,12064.0,12.064,-0.858566285,33390,-0.9038343605961997
336,0.98,median,72,5,-0.9985575298124474,0.9486629353992778,0.9987979506095617,50531,13053.066666666666,13.053066666666668,-0.8154918408333334,33390,-1.3348681239698652
336,0.98,median,72,10,-0.9996696866288394,0.9316373708965228,0.9997300073343222,79740,13656.479365079365,13.656479365079363,-0.762489925765873,33390,-1.8114360380934706
336,0.98,median,168,3,-0.9945012774231949,0.9655585911072143,0.9966271423447515,30170,12041.0,12.041,-0.858821135,33390,-0.8701399320744936
336,0.98,median,168,5,-0.9985925380335277,0.9484616575297476,0.9988271239062946,50492,13038.466666666667,13.038466666666666,-0.8159660146666667,33390,-1.3403940244628214
336,0.98,median,168,10,-0.9996832760324755,0.9311472847694481,0.9997411150872412,79704,13642.550793650793,13.642550793650793,-0.7629553735238095,33390,-1.8243485668214587
336,0.98,horizon,24,3,-0.8175403933232721,0.9983850616390809,0.9804896587367553,8338,2382.666666666667,2.382666666666667,-0.5681173416666667,33390,-0.04311012753575625
336,0.98,horizon,24,5,-0.9088209035669906,0.98595274228833,0.9742188732858823,20186,2524.4666666666662,2.5244666666666666,-0.5922145253333333,33390,-0.3796444385171616
336,0.98,horizon,24,10,-0.8752875420986584,0.9864420242380354,0.9220523786255048,62006,2767.5444444444443,2.767544444444444,-0.5732153713888889,33390,-0.36389956619996333
336,0.98,horizon,72,3,-0.9136891184493089,0.9851482133088001,0.9589627910894919,2506,670.6666666666667,0.6706666666666667,-0.49834203666666665,33390,-0.419337813157068
336,0.98,horizon,72,5,-0.9009580306092322,0.9813284300810668,0.9624236597016654,6176,672.6666666666666,0.6726666666666666,-0.4605744131666667,33390,-0.5161128745910637
336,0.98,horizon,72,10,-0.6699701202573274,0.9948965577329972,0.8453503646547337,22811,715.9166666666665,0.7159166666666665,-0.441315761484127,33390,-0.13742767901007052
336,0.98,horizon,168,3,-0.5525263785777625,1.0054679661722865,0.8368892067912401,707,188.0,0.188,-0.2429309683333333,33390,0.145836993824122
336,0.98,horizon,168,5,-0.8111332494224798,0.988913088378204,0.8575218217841375,1881,202.59999999999997,0.2026,-0.3507256438333334,33390,-0.2984096335353485
336,0.98,horizon,168,10,-0.8141188394961805,0.9819283673054707,0.8586693962933836,7934,227.08968253968249,0.22708968253968248,-0.38664958159126983,33390,-0.49056900913945
336,0.99,median,24,3,-0.8794657309304279,0.9974743860442343,0.9850629419904935,22875,10184.666666666668,10.184666666666667,-0.8708386133333333,33390,-0.058917666281589585
336,0.99,median,24,5,-0.9645522581088305,0.9824043624600621,0.9926591919187953,34751,10808.400000000001,10.808399999999999,-0.8359215051666667,33390,-0.4172438498342122
336,0.99,median,24,10,-0.9848989232986758,0.972016550861204,0.996085490577158,51561,11145.644444444446,11.145644444444445,-0.793568737813492,33390,-0.6742298297730497
336,0.99,median,72,3,-0.9288762451661732,0.991548141645834,0.9905319679989248,22199,9780.666666666668,9.780666666666667,-0.8764737133333333,33390,-0.19993183659595376
336,0.99,median,72,5,-0.9747653731526886,0.9785287854209556,0.9954448882169299,34571,10479.800000000001,10.4798,-0.8381746673333333,33390,-0.5164925557808435
336,0.99,median,72,10,-0.9864754248154388,0.9707025528822012,0.9970953696050363,51576,10796.927777777779,10.796927777777778,-0.7939921004246032,33390,-0.7139415691107523
336,0.99,median,168,3,-0.9299542914975876,0.9913675945592298,0.9898213720632493,22161,9732.666666666668,9.732666666666669,-0.876821625,33390,-0.20426217284001216
336,0.99,median,168,5,-0.976973651110748,0.9774344363233708,0.9955212693268506,34519,10430.3,10.4303,-0.8384337281666667,33390,-0.5434665922113687
336,0.99,median,168,10,-0.9878118883810071,0.9694146232074442,0.9972238609134079,51682,10760.092857142858,10.760092857142858,-0.7930636748373016,33390,-0.74588764326118
336,0.99,horizon,24,3,-0.9858319615992646,0.9743208145708749,0.9936624935546817,9648,2937.666666666667,2.937666666666667,-0.7390057383333333,33390,-0.6757112714721816
336,0.99,horizon,24,5,-0.9731022068436967,0.9746535681015926,0.980671201586728,21923,3131.5666666666666,3.1315666666666666,-0.663051772,33390,-0.6862379601908621
336,0.99,horizon,24,10,-0.913340255735647,0.9851573745455621,0.9660030407071616,55961,3367.7825396825397,3.3677825396825396,-0.6132138126706349,33390,-0.3952711152619145
336,0.99,horizon,72,3,-0.9818823543584241,0.9704091544681621,0.9824964135613622,3375,894.6666666666667,0.8946666666666667,-0.418768995,33390,-0.8006240927920426
336,0.99,horizon,72,5,-0.9224850652351414,0.9811865485595131,0.925822620782076,8166,915.0999999999999,0.9150999999999999,-0.40317179383333335,33390,-0.5136242391969009
336,0.99,horizon,72,10,-0.10351470084451675,1.0108278054735447,0.7154793059356199,28385,969.390476190476,0.969390476190476,-0.4553848033571428,33390,0.2918540786685989
336,0.99,horizon,168,3,-0.5363682327299135,1.005295151035463,0.9166617914028967,1279,320.6666666666667,0.32066666666666666,-0.37065225,33390,0.14320459566262328
336,0.99,horizon,168,5,-0.09851967252863292,1.0109278260598693,0.7066290348341163,3258,328.7333333333333,0.3287333333333333,-0.38303412316666663,33390,0.2988556477282266
336,0.99,horizon,168,10,-0.7763328261865557,0.9863666101889876,0.8369002906635569,11804,333.23968253968246,0.3332396825396825,-0.4342094555634921,33390,-0.37727691842905153
336,0.995,median,24,3,0.42873494119551414,1.0286576284181799,0.9489558525771095,13426,6747.0,6.747,-0.7697071766666668,33390,0.5562553649387483
336,0.995,median,24,5,-0.6169236785994221,1.008953191484588,0.9667168619761658,18994,7086.7,7.0866999999999996,-0.7551248133333334,33390,0.17724452333517746
336,0.995,median,24,10,-0.7080418800508916,1.0042608072705623,0.9699992486040647,26991,7228.696825396825,7.228696825396825,-0.7433731601865079,33390,0.08558033942652085
336,0.995,median,72,3,-0.22849037056695776,1.0190416602838162,0.9522462550273523,13127,6478.000000000001,6.478000000000001,-0.7960929633333333,33390,0.3849713666346954
336,0.995,median,72,5,-0.6030304898763041,1.0095177252626963,0.9599755528667439,18902,6838.233333333334,6.838233333333333,-0.7800100103333334,33390,0.19591760780770615
336,0.995,median,72,10,-0.7353189973762932,1.0032754675549498,0.9727352708878625,27222,6986.511111111111,6.986511111111112,-0.7696408054246031,33390,0.0685773528254709
336,0.995,median,168,3,-0.4252014171729468,1.0148945936476599,0.9632170140292613,13185,6454.000000000001,6.454000000000001,-0.8008631733333333,33390,0.3028401509254459
336,0.995,median,168,5,-0.6397324407401752,1.0081624965216445,0.9600959991917304,19007,6807.566666666667,6.807566666666667,-0.7816804538333333,33390,0.1687307110603574
336,0.995,median,168,10,-0.7504456021452173,1.0026163281655915,0.9729664327372082,27423,6947.5428571428565,6.947542857142857,-0.7724080830357143,33390,0.055013446678370756
336,0.995,horizon,24,3,-0.9952921307881555,0.9662563914064439,0.998443381176576,8717,2999.0,2.999,-0.7616927116666667,33390,-0.8047511782950928
336,0.995,horizon,24,5,-0.978243828536501,0.9737273297039294,0.9897720401482227,17218,3245.4666666666667,3.2454666666666667,-0.6775290101666667,33390,-0.6729292558019611
336,0.995,horizon,24,10,-0.9827630959912917,0.9689774090830314,0.9862968929839304,32622,3390.8785714285714,3.390878571428571,-0.6426435862023809,33390,-0.7991084193294163
336,0.995,horizon,72,3,-0.7518437397178628,0.9996110864665992,0.8814354247095973,3856,1090.0,1.09,-0.4923249849999999,33390,-0.01075273982611082
336,0.995,horizon,72,5,-0.6026351987383431,1.0021162096044949,0.8089094677212106,9454,1156.5666666666666,1.1565666666666665,-0.47708918566666664,33390,0.058120603998927205
336,0.995,horizon,72,10,-0.744973955132719,0.9941974433570712,0.8283524018247836,26254,1216.25873015873,1.2162587301587302,-0.5042562392103175,33390,-0.1590353070512693
336,0.995,horizon,168,3,-0.9666225984715004,0.9742216526096729,0.9821247036264883,1657,433.0,0.43300000000000005,-0.4658648716666666,33390,-0.7230310974046396
336,0.995,horizon,168,5,-0.9756478701236003,0.9639046823850743,0.9867509649676496,4112,440.29999999999995,0.44029999999999997,-0.46968376216666663,33390,-1.018329565059415
336,0.995,horizon,168,10,-0.9700806272651346,0.9600836855502557,0.9815573887260314,14520,467.8690476190475,0.4678690476190475,-0.5007468226428572,33390,-1.0924531181932005
336,0.998,median,24,3,-0.900356188579042,0.9476266345693033,0.9343860135493556,5189,2895.3333333333335,2.8953333333333333,-0.34245044,33390,-0.7550195053601163
336,0.998,median,24,5,-0.9397484525905603,0.9335306192237685,0.9600753116827568,7210,3020.6000000000004,3.0206,-0.35488564683333335,33390,-0.9846750044389971
336,0.998,median,24,10,-0.9588912047936324,0.9229924670652133,0.9727704596157151,10660,3077.5349206349206,3.0775349206349207,-0.36337906948412696,33390,-1.1514063045149794
336,0.998,median,72,3,-0.8881833290761966,0.9538000787975477,0.9330517035407934,5119,2792.666666666667,2.7926666666666664,-0.35757441500000003,33390,-0.6890850478487572
336,0.998,median,72,5,-0.9211575457738693,0.9448445052026677,0.950094394757598,7099,2909.0333333333333,2.9090333333333334,-0.3750397193333333,33390,-0.847162511004935
336,0.998,median,72,10,-0.9515429488338215,0.9316536893979845,0.968343217024987,10565,2974.270634920635,2.974270634920635,-0.38434935301190476,33390,-1.0638539397737383
336,0.998,median,168,3,-0.9179518188486607,0.9459541834374261,0.9519256207536819,5123,2791.3333333333335,2.791333333333333,-0.35752916999999995,33390,-0.8179394616420868
336,0.998,median,168,5,-0.9409709458063134,0.9377884369288569,0.9640518281175261,7103,2906.2666666666664,2.9062666666666663,-0.37586090233333336,33390,-0.9674075429549197
336,0.998,median,168,10,-0.962644922127006,0.9256247722779994,0.9761179902834607,10643,2969.4134920634924,2.9694134920634925,-0.3850704672936508,33390,-1.1732613960448413
336,0.998,horizon,24,3,-0.9991029448786602,0.9321219897767224,0.9994364221440711,4301,1843.6666666666667,1.8436666666666666,-0.473869685,33390,-1.27667950126745
336,0.998,horizon,24,5,-0.9987745215725635,0.9358091716557168,0.9992569260562999,7269,1963.5,1.9635,-0.48483585200000007,33390,-1.218796461593461
336,0.998,horizon,24,10,-0.9994161643971577,0.925844224198468,0.9996452711992754,12044,2047.002380952381,2.0470023809523807,-0.4891736325119048,33390,-1.4225011500054918
336,0.998,horizon,72,3,-0.9992568055920126,0.9503386904026687,0.9994864241412437,2620,928.6666666666666,0.9286666666666668,-0.5458967116666666,33390,-1.1315006776214505
336,0.998,horizon,72,5,-0.999462114435516,0.9448914644209858,0.9996555779366607,5435,1011.1333333333333,1.0111333333333334,-0.556041217,33390,-1.2627591323939136
336,0.998,horizon,72,10,-0.9995196751933348,0.9427456075509166,0.9996772806935561,11761,1080.152380952381,1.080152380952381,-0.5617229951150794,33390,-1.3275176127236286
336,0.998,horizon,168,3,-0.9996533554560333,0.9481240785212033,0.9997694381390103,1413,448.0,0.44800000000000006,-0.585671925,33390,-1.2990926292384628
336,0.998,horizon,168,5,-0.999779388101016,0.9428541937261714,0.999848978566987,3294,508.4,0.5084000000000001,-0.6020718518333334,33390,-1.4367270231214484
336,0.998,horizon,168,10,-0.999735879385686,0.9426551062410783,0.9998194250340247,9423,544.7111111111111,0.544711111111111,-0.5754659147063492,33390,-1.4408830089771503
720,0.95,median,24,3,-0.9939073429579488,0.9649998052584811,0.9964295027121252,33186,11615.333333333332,11.615333333333332,-0.9499988899999998,33390,-0.9328133921130379
720,0.95,median,24,5,-0.9975479884299208,0.9506901244878074,0.9982094494130782,65180,13118.2,13.118200000000002,-0.8501233669999999,33390,-1.3454740508880674
720,0.95,median,24,10,-0.9995413274063749,0.9300670455235909,0.9995873619628045,127759,14541.007936507936,14.541007936507937,-0.7702305834206349,33390,-1.942676377578467
720,0.95,median,72,3,-0.9951912969496565,0.9623161587290566,0.9960083553824192,32687,11445.0,11.445,-0.9486098416666666,33390,-1.0073590433287787
720,0.95,median,72,5,-0.9974771471862659,0.9507947666594733,0.9979211690744161,64585,12965.766666666666,12.965766666666667,-0.8496428654999999,33390,-1.3448706109797988
720,0.95,median,72,10,-0.9995557704109981,0.9294848417446685,0.999603606657674,126911,14403.473015873016,14.403473015873015,-0.7672792137539683,33390,-1.9603121311167175
720,0.95,median,168,3,-0.9951481624058437,0.9623164374801422,0.9959725499338732,32665,11434.666666666666,11.434666666666665,-0.9474905199999999,33390,-1.0082371096331029
720,0.95,median,168,5,-0.9975362703386124,0.9504941741443688,0.9979827337248995,64534,12950.866666666667,12.950866666666668,-0.8488140226666667,33390,-1.3533891784027328
720,0.95,median,168,10,-0.9995584688177547,0.9293603392239979,0.9996060144902444,126860,14395.430952380953,14.395430952380952,-0.7664893707658731,33390,-1.9640703229048198
720,0.95,horizon,24,3,-0.3893521337257313,1.0125211262491178,0.9480093603927134,4159,1220.6666666666667,1.2206666666666668,-0.7369043366666665,33390,0.3271677482549186
720,0.95,horizon,24,5,-0.04862816600185327,1.0143492448123568,0.8907655193094016,9967,1311.7666666666667,1.3117666666666667,-0.6825271548333334,33390,0.38761700310998803
720,0.95,horizon,24,10,-0.38578436919037173,1.0073869589076936,0.8167249936445489,38138,1521.7857142857142,1.521785714285714,-0.5967700807936508,33390,0.1975498420686208
720,0.95,horizon,72,3,-0.8091849357088391,0.9978653802705255,0.9224981045367266,940,274.3333333333333,0.2743333333333333,-0.33971808333333325,33390,-0.05866504828905972
720,0.95,horizon,72,5,-0.9406273060586947,0.9806402102918794,0.9693405979537156,2133,280.73333333333335,0.28073333333333333,-0.3557869821666667,33390,-0.5209738960017005
720,0.95,horizon,72,10,-0.7833013603808788,0.9927717439283456,0.8740874231121394,8890,325.9007936507936,0.3259007936507936,-0.3797588698412699,33390,-0.19048714402548897
720,0.95,horizon,168,3,-0.9209737436870132,0.9881220923276192,0.9430004937186809,254,74.66666666666667,0.07466666666666667,-0.40083276833333326,33390,-0.32380384114627553
720,0.95,horizon,168,5,-0.9014812334793876,0.9861435918340222,0.9229821047832796,646,84.5,0.08449999999999999,-0.3520745305,33390,-0.3801082246388976
720,0.95,horizon,168,10,-0.8147670025820821,0.9894673777697282,0.8821451728942689,2348,95.17222222222222,0.0951722222222222,-0.2676731297976191,33390,-0.2772075623662961
720,0.98,median,24,3,-0.9927577693218527,0.9698024448914483,0.9980338973149571,27100,10801.0,10.801000000000002,-0.9613024849999999,33390,-0.7659957315229118
720,0.98,median,24,5,-0.9965950376880317,0.9593253121320177,0.9989195374575015,45078,11688.033333333333,11.688033333333333,-0.8998645878333333,33390,-1.0585375412191445
720,0.98,median,24,10,-0.9986108919644099,0.9486891380765899,0.999468661136748,72369,12224.257142857143,12.224257142857144,-0.850667662265873,33390,-1.3457555047987566
720,0.98,median,72,3,-0.9945973215428203,0.9662110240124049,0.9981746570505913,26360,10424.333333333334,10.424333333333333,-0.9473929816666666,33390,-0.8631750741765143
720,0.98,median,72,5,-0.9957763020760515,0.9608975850656609,0.9978500001594056,44091,11322.166666666668,11.322166666666668,-0.9043176106666666,33390,-1.0264457242844773
720,0.98,median,72,10,-0.9982919619957875,0.9503826092725267,0.9991606554823517,71472,11860.660317460319,11.860660317460319,-0.8501080969404762,33390,-1.312933009146651
720,0.98,median,168,3,-0.9944582476664812,0.9663421436238538,0.9979901335757978,26314,10395.0,10.395000000000001,-0.9469474883333333,33390,-0.8606895335581718
720,0.98,median,168,5,-0.9955113894670895,0.9614524324597256,0.9977860015671769,44040,11296.5,11.2965,-0.9046661276666668,33390,-1.012245248042242
720,0.98,median,168,10,-0.9981669924106379,0.9510558956348238,0.9991303584903225,71548,11840.009523809524,11.840009523809524,-0.8499521763174603,33390,-1.2951793889191352
720,0.98,horizon,24,3,-0.9135253693503175,0.9931764778500412,0.9726957825650455,7644,2208.3333333333335,2.2083333333333335,-0.707575045,33390,-0.1797776289792877
720,0.98,horizon,24,5,-0.8956246917411823,0.9904621938620652,0.957015739194671,18275,2360.7,2.3606999999999996,-0.6893595331666666,33390,-0.25581305657919085
720,0.98,horizon,24,10,-0.904122266610652,0.9861642206832987,0.9457239709441125,55553,2595.853968253968,2.595853968253968,-0.6239064697420635,33390,-0.36846756544126613
720,0.98,horizon,72,3,0.9291454814292401,1.0237483326567327,0.876622489080761,2288,607.0,0.6070000000000001,-0.4804366116666667,33390,0.6369387101644537
720,0.98,horizon,72,5,-0.26422050970491673,1.0111014632737967,0.8569958534380022,5516,610.2,0.6102,-0.497338864,33390,0.2950407089985201
720,0.98,horizon,72,10,-0.5826953715609572,1.001851906033651,0.8240792475027634,21078,676.540476190476,0.6765404761904761,-0.45885282755952383,33390,0.04841474370645332
720,0.98,horizon,168,3,0.5452110250714055,1.0221805630776648,0.9441220416576823,747,193.33333333333337,0.19333333333333336,-0.28999559166666666,33390,0.5825421670466552
720,0.98,horizon,168,5,-0.6822412653295326,1.0000291856156847,0.9149982014504127,1803,189.83333333333331,0.18983333333333333,-0.32801486683333336,33390,0.000789088826896908
720,0.98,horizon,168,10,-0.8581975670787225,0.9861213691919132,0.918325682427478,6971,198.22222222222217,0.19822222222222216,-0.31006981968650793,33390,-0.3573877170881469
720,0.99,median,24,3,-0.9857628828815613,0.9746801230461621,0.995236833228975,19669,8654.333333333334,8.654333333333334,-0.8992791250000001,33390,-0.5952980246506517
720,0.99,median,24,5,-0.9897710956252319,0.9686178566032944,0.9969591746345584,30214,9220.300000000001,9.220300000000002,-0.8464048900000001,33390,-0.7520683047573514
720,0.99,median,24,10,-0.9934092692694789,0.9626782088072763,0.9977291230437478,46500,9518.52380952381,9.51852380952381,-0.8121590445912699,33390,-0.9037291221527785
720,0.99,median,72,3,-0.9887716934733665,0.9723347775134724,0.9957559134982173,18931,8261.666666666668,8.261666666666667,-0.9113776633333333,33390,-0.6598119313392263
720,0.99,median,72,5,-0.9890468803379285,0.9697802671840143,0.9964825609177239,29457,8823.533333333333,8.823533333333334,-0.8593235400000001,33390,-0.7347141835576821
720,0.99,median,72,10,-0.9885650406448562,0.969017783168951,0.9962403234404573,45593,9115.704761904763,9.115704761904762,-0.8256057409246031,33390,-0.7620786052150628
720,0.99,median,168,3,-0.9795673484730665,0.9785154602958599,0.993999848054854,18772,8181.0,8.181000000000001,-0.9099006416666666,33390,-0.5106114110505269
720,0.99,median,168,5,-0.9878649195327462,0.9707119493369706,0.9966704570144289,29270,8754.866666666667,8.754866666666668,-0.8611378603333334,33390,-0.7123727873153605
720,0.99,median,168,10,-0.9890651896366899,0.9683424733307044,0.9966140644710683,45585,9049.684126984128,9.049684126984129,-0.8288679484761905,33390,-0.780173860899299
720,0.99,horizon,24,3,-0.9451019488647396,0.989136528419845,0.9817253928252966,8730,2674.333333333334,2.6743333333333337,-0.7599038016666666,33390,-0.28283558477097875
720,0.99,horizon,24,5,-0.8652084374312649,0.9945976445970048,0.973006545521965,19233,2871.733333333333,2.8717333333333332,-0.6754487203333334,33390,-0.14105820381806117
720,0.99,horizon,24,10,-0.9572513649563558,0.9793517944651916,0.9842102063217624,47153,3091.1428571428573,3.0911428571428567,-0.6121269826626985,33390,-0.5390865788259889
720,0.99,horizon,72,3,-0.7352163234586608,1.001581619593737,0.904429133005524,2991,810.0,0.81,-0.5057833516666665,33390,0.04331854817850453
720,0.99,horizon,72,5,-0.8460856047613254,0.9917155679559282,0.9049269205048153,7568,852.3333333333333,0.8523333333333333,-0.4982302768333334,33390,-0.22537583561948354
720,0.99,horizon,72,10,-0.6581126645816111,0.9997906387819141,0.8445697750925971,24800,926.5642857142856,0.9265642857142855,-0.4709735522817461,33390,-0.005572327482216428
720,0.99,horizon,168,3,-0.5140810527814367,1.009919220428551,0.9300116127845759,1144,294.33333333333337,0.2943333333333334,-0.3176861633333333,33390,0.2593703727146963
720,0.99,horizon,168,5,-0.7976349194846394,0.9945581084021351,0.8814402772872428,2924,314.0666666666666,0.3140666666666666,-0.27632931916666664,33390,-0.14256607574449265
720,0.99,horizon,168,10,-0.901430001349844,0.9802000270744456,0.9442142832828856,10462,313.0896825396825,0.3130896825396825,-0.2736444999047619,33390,-0.5316427089546242
720,0.995,median,24,3,-0.7841878433162968,1.001324291600889,0.9742022568807265,12441,6051.666666666667,6.051666666666667,-0.8290413583333334,33390,0.027330695219226608
720,0.995,median,24,5,-0.8399552206191447,0.996563034655383,0.9814567769388028,18146,6372.766666666666,6.372766666666667,-0.7800608875000001,33390,-0.0715914909903528
720,0.995,median,24,10,-0.9025113767463727,0.988915670449175,0.9871637630520077,27422,6548.880158730159,6.548880158730158,-0.7563196893888889,33390,-0.23444165293944239
720,0.995,median,72,3,-0.4239786784664785,1.0145203841692492,0.955574114071186,11806,5658.333333333334,5.658333333333333,-0.8421857033333333,33390,0.30821724261960165
720,0.995,median,72,5,-0.568857819508003,1.0099269265352562,0.9676263968778949,17617,5986.4,5.986400000000001,-0.7906424743333333,33390,0.21279807084274407
720,0.995,median,72,10,-0.7622756558067655,1.001335690208028,0.975556948744947,27347,6168.27380952381,6.168273809523809,-0.7653212537261904,33390,0.029033236157001475
720,0.995,median,168,3,-0.5862443781006983,1.0100933287194587,0.9579390025408745,11739,5586.0,5.586,-0.8440417649999999,33390,0.21538114949646708
720,0.995,median,168,5,-0.6535505233624692,1.0070051228807098,0.9675131608527667,17550,5916.633333333333,5.916633333333333,-0.793737941,33390,0.15121298192497773
720,0.995,median,168,10,-0.7910548831145894,0.9996175714365745,0.9725166502018396,27399,6093.690476190477,6.093690476190476,-0.7694832415079366,33390,-0.008363944297009882
720,0.995,horizon,24,3,-0.9653942173627363,0.9850325011518025,0.9952389593758936,8022,2780.0,2.7800000000000002,-0.740433975,33390,-0.367047856748416
720,0.995,horizon,24,5,-0.9817759621375888,0.9745073781249998,0.9965754238900897,15840,2968.133333333333,2.9681333333333333,-0.6880129353333333,33390,-0.6387535321364816
720,0.995,horizon,24,10,-0.9872152933537355,0.9680235046377705,0.9963797253175918,30721,3141.1222222222223,3.141122222222222,-0.642182229531746,33390,-0.8113368312401064
720,0.995,horizon,72,3,-0.9866860239159329,0.970212904129841,0.9931606810737281,3425,1017.3333333333335,1.0173333333333334,-0.5541249933333333,33390,-0.8057794875808554
720,0.995,horizon,72,5,-0.9526530912985155,0.979713686189822,0.9753928645873279,8092,1070.8333333333333,1.0708333333333333,-0.5071967513333333,33390,-0.5468099396352583
720,0.995,horizon,72,10,-0.7828559742984726,0.9951896171353104,0.8867730241669984,22895,1136.4880952380952,1.1364880952380951,-0.4662589887142857,33390,-0.12738888292723297
720,0.995,horizon,168,3,-0.983387367865405,0.9722519662779389,0.9889878433497261,1386,383.6666666666667,0.3836666666666667,-0.48990619999999996,33390,-0.7463887717150556
720,0.995,horizon,168,5,-0.9847734415785894,0.9639428249231482,0.9919120737990064,3624,407.6333333333333,0.4076333333333333,-0.4324664621666666,33390,-0.9776596721589448
720,0.995,horizon,168,10,-0.9243527020981857,0.9769892466243509,0.9584253335475265,12778,430.6523809523809,0.4306523809523809,-0.32614965383730166,33390,-0.6107591386763774
720,0.998,median,24,3,-0.2313540866990279,1.0252987693088151,0.9092910233814938,6576,3627.0,3.6270000000000007,-0.7213074766666666,33390,0.372356128587724
720,0.998,median,24,5,-0.670947829605241,1.0088110454655597,0.9327916222548632,9258,3787.3333333333335,3.787333333333333,-0.6866741949999999,33390,0.1318631867071095
720,0.998,median,24,10,-0.7209077918596899,1.0050479263457355,0.9382676442920764,13508,3869.656349206349,3.8696563492063496,-0.688848795829365,33390,0.0763942016072187
720,0.998,median,72,3,-0.029784053484902318,1.0278639658011515,0.9193005996544853,6306,3406.666666666667,3.406666666666667,-0.740761365,33390,0.4478859062942096
720,0.998,median,72,5,-0.4925936965617934,1.0163704790797818,0.9282254174807197,9242,3584.633333333333,3.584633333333333,-0.7022922341666666,33390,0.2655083018418523
720,0.998,median,72,10,-0.5541847698896716,1.0135133280760455,0.9357630262830173,13635,3660.2428571428572,3.660242857142858,-0.7108518713214287,33390,0.22177996912251835
720,0.998,median,168,3,-0.014145710767965891,1.0277290889515664,0.8917159371229044,6253,3346.0,3.346,-0.7552170316666666,33390,0.45912001471983815
720,0.998,median,168,5,-0.5510005830650351,1.014423631091598,0.9154864944792372,9213,3530.9666666666667,3.5309666666666666,-0.7104755626666667,33390,0.2411774681058637
720,0.998,median,168,10,-0.6386526001800462,1.0101766317437133,0.9308929188612907,13773,3607.2373015873018,3.6072373015873023,-0.7212149504523809,33390,0.17209011904765475
720,0.998,horizon,24,3,-0.7497018897122534,1.007569519448113,0.9703345124623796,5437,2215.333333333334,2.2153333333333336,-0.7355676733333334,33390,0.15356197949134914
720,0.998,horizon,24,5,-0.8864099808260579,0.9960707872773767,0.9801913234233329,9084,2354.4,2.3544,-0.6879192721666666,33390,-0.08080649178145399
720,0.998,horizon,24,10,-0.8828593740462078,0.9952425045771455,0.9800860831893995,15071,2462.843650793651,2.4628436507936513,-0.6486660249444444,33390,-0.09781605398479999
720,0.998,horizon,72,3,-0.9403983383478496,0.9877637212192119,0.9694651521090506,3187,1040.6666666666667,1.0406666666666666,-0.5510598666666666,33390,-0.30799095524184067
720,0.998,horizon,72,5,-0.8630971434965786,0.9933359006997405,0.9364126211445126,6702,1103.7666666666667,1.1037666666666666,-0.594647189,33390,-0.17060117747548895
720,0.998,horizon,72,10,-0.8835418006540108,0.9894700009500826,0.933380926039538,14571,1172.3039682539684,1.1723039682539682,-0.5546248705952381,33390,-0.2722416638724282
720,0.998,horizon,168,3,-0.9009798247038202,0.9890932023189991,0.9518464621009329,1451,428.33333333333337,0.42833333333333334,-0.42197725333333336,33390,-0.28387134724724683
720,0.998,horizon,168,5,-0.9037488256988809,0.9857181937038877,0.9497676226471368,3696,475.96666666666664,0.47596666666666665,-0.49810872650000004,33390,-0.3746270501420024
720,0.998,horizon,168,10,-0.9226025606644624,0.9798350412777618,0.9523190276361235,11351,518.3936507936507,0.5183936507936507,-0.4810491669603174,33390,-0.5301738555809954
