M,bucket,horizon_hours,count,mean,median,std,t_stat
168,"(.5,1%]",1,5846,0.0030314635455463046,0.0016308823733071076,0.025060677171772287,9.248875929013446
168,"(1,2%]",1,10458,0.0009660579030015948,0.0008522578805629788,0.018807723596196226,5.2528045646055315
168,"(2,5%]",1,24736,0.0006066805908584408,0.0006987115020326007,0.016216857446988656,5.883803199505206
168,"(25,75%]",1,373532,9.259939133373225e-05,4.434989043955451e-05,0.012014549934554796,4.710473141638653
168,"(5,25%]",1,158791,0.0003342090989549934,0.00041582511583704296,0.013875834582342508,9.597808877988705
168,"(75,95%]",1,161050,-0.00020983523298412368,-0.0002200220048629853,0.011965527289017234,-7.037638169804626
168,"(95,98%]",1,23201,-0.00034526907253555074,-0.0004500450045005211,0.013329923052439466,-3.9453304809194765
168,"(98,99%]",1,9718,-0.00012342887239328085,-0.00023431104172744188,0.013935861632209157,-0.873114866858656
168,"(99,99.5%]",1,5546,-0.0005282331762004143,-0.00047122023758960907,0.014206291422015327,-2.76907607476303
168,"(99.5,99.8%]",1,48,-0.0008239220041109987,-0.00017820864668349756,0.007935314668535878,-0.7193538415068439
168,"(99.8,100%]",1,6156,1.872076799986911e-05,-0.00042436694797359786,0.017785242429267278,0.0825872827579278
168,"(.5,1%]",4,5846,0.004925194921731267,0.0022535500586173818,0.0411707729166288,9.14668679955601
168,"(1,2%]",4,10458,0.0020680548053752298,0.0015374593228983935,0.033384064638345895,6.335007741586067
168,"(2,5%]",4,24736,0.0015139042849653163,0.0013248398896908986,0.029913933900317772,7.959570333235707
168,"(25,75%]",4,373482,0.00034985026315260666,0.00019483684080123798,0.023802557275782617,8.982421365155894
168,"(5,25%]",4,158779,0.0009028961028460025,0.0007802109532399903,0.026666461134571027,13.49176986831655
168,"(75,95%]",4,161012,-0.0001891536051428906,-0.0003810128780054045,0.023300415630337874,-3.257467394713899
168,"(95,98%]",4,23196,-9.812881582243744e-05,-0.000716413455605025,0.02680619718975184,-0.5575295620338683
168,"(98,99%]",4,9715,-0.0003559550358154267,-0.000965818426135856,0.027248697486937132,-1.28756984365965
168,"(99,99.5%]",4,5543,-0.0010095980306304118,-0.001469291801351691,0.026027579983347832,-2.887933205504105
168,"(99.5,99.8%]",4,48,0.0031546955374120536,0.0012347995638838372,0.017635309065568244,1.2393529215491335
168,"(99.8,100%]",4,6156,0.00028073269302436306,-0.0008951947911202685,0.0329092241518652,0.669305900409495
168,"(.5,1%]",8,5846,0.005376729782612529,0.002565563450532382,0.06071909477232445,6.770524718527828
168,"(1,2%]",8,10453,0.0028110126373184757,0.0018930430667296605,0.04765222994836959,6.0311488129996285
168,"(2,5%]",8,24726,0.00250846904443037,0.0018159974302188742,0.0398439124717701,9.89973800225027
168,"(25,75%]",8,373424,0.0006681725537293129,0.00015113191645110824,0.03355901499249871,12.166916862696604
168,"(5,25%]",8,158741,0.001545057223216441,0.000995607613470062,0.036577253073795724,16.82976444525164
168,"(75,95%]",8,160981,1.0137025801263505e-05,-0.0005762739771136838,0.032750297145789725,0.12418885345707666
168,"(95,98%]",8,23192,0.00031374648931367866,-0.0012066366105559223,0.037917345946440785,1.2601146050173488
168,"(98,99%]",8,9715,-0.00010817073391338426,-0.0015959144589848817,0.039796646203720025,-0.26790739689807813
168,"(99,99.5%]",8,5542,-0.0003184812948855831,-0.0014117114959468213,0.03693715679028495,-0.641879828877807
168,"(99.5,99.8%]",8,48,0.007453364422898484,0.0033964045508305674,0.02880361114175585,1.7927760244022646
168,"(99.8,100%]",8,6155,0.00012408440059830003,-0.0009504197687312255,0.03997945694281322,0.2434973982363899
168,"(.5,1%]",24,5806,0.010200381455200278,0.005524439310876317,0.08427321705030823,9.222854468034955
168,"(1,2%]",24,10444,0.006045410874861251,0.003953537534989948,0.07731135956578357,7.9912725662432305
168,"(2,5%]",24,24709,0.00542461139155849,0.003729024238657397,0.06922937088832738,12.317025237423266
168,"(25,75%]",24,373188,0.002114476408091149,0.0005343593276084802,0.06413128781079723,20.14172759687588
168,"(5,25%]",24,158642,0.004030237307265809,0.0022188528561093435,0.06579714589034442,24.396787960637365
168,"(75,95%]",24,160835,0.0010868353160400877,-0.0010779088568176887,0.058667918409778794,7.4293932088235515
168,"(95,98%]",24,23175,0.0014112124008101839,-0.0025566729163115642,0.06827749646682466,3.1464777647702085
168,"(98,99%]",24,9708,0.0014112869910854445,-0.003252349778621877,0.07630912427324592,1.822232350740601
168,"(99,99.5%]",24,5532,0.00016369084951821773,-0.004271847436732923,0.08291178380175668,0.14684164107716077
168,"(99.5,99.8%]",24,48,0.009339695943054808,0.005750542937536185,0.03769801167667125,1.7164648405715883
168,"(99.8,100%]",24,6144,0.002974684787966964,-0.0031644350489727913,0.09099108449112008,2.562522661867805
168,"(.5,1%]",72,5785,0.011631104188686854,0.004803102625298372,0.11916854053496746,7.423539216863683
168,"(1,2%]",72,10410,0.010322601651127113,0.00399541023972505,0.13171335084152122,7.996220002429732
168,"(2,5%]",72,24613,0.010728033463495419,0.0038097578960305523,0.12947569785529012,12.999125446759328
168,"(25,75%]",72,372359,0.006516850289481133,-0.000481463649494418,0.1149489582118693,34.59502367875931
168,"(5,25%]",72,158130,0.009405148254119068,0.0026548232602295885,0.11150141433205489,33.54226648875682
168,"(75,95%]",72,160582,0.00508198464026703,-0.0016970473523168494,0.10901273645642627,18.681190016337073
168,"(95,98%]",72,23155,0.008722743205741066,-0.0013875398917718718,0.11927958718881988,11.127801049908001
168,"(98,99%]",72,9702,0.009609177136176435,-0.0011732476047249807,0.1227045476074235,7.713583334138249
168,"(99,99.5%]",72,5529,0.012299426411280786,-0.003178206583427934,0.1402437239608763,6.5211579298394025
168,"(99.5,99.8%]",72,48,-0.0009199111932619089,-0.004207122272065322,0.057714808394008735,-0.11042801454375716
168,"(99.8,100%]",72,6142,0.01372833633845757,0.0011865766969805236,0.14303627357308588,7.52188396376381
168,"(.5,1%]",168,5743,0.02394582920204111,0.00480833444637363,0.1891995776396718,9.591336458744282
168,"(1,2%]",168,10357,0.01908332223496117,0.0014669926650368037,0.18188392040478812,10.677674195552132
168,"(2,5%]",168,24503,0.01984051920697615,0.0036496350364962904,0.18353047079311716,16.9221088536323
168,"(25,75%]",168,370657,0.015538505760455365,-0.0010868491255805468,0.18433126715784282,51.32114625009195
168,"(5,25%]",168,157442,0.019949491947406774,0.0026660100920186114,0.18941934663012813,41.789560601830665
168,"(75,95%]",168,159754,0.0180290838494906,-0.0014264207010016294,0.18884054130855277,38.15964206618807
168,"(95,98%]",168,23086,0.025363684149690938,-0.0009215307483553259,0.21231791794269703,18.150978204694404
168,"(98,99%]",168,9673,0.028143708404573326,-0.0010230926629641868,0.21723251485737427,12.741984907933084
168,"(99,99.5%]",168,5518,0.03275089515224243,-0.003359688405668859,0.24173546442042562,10.064070106047767
168,"(99.5,99.8%]",168,47,-0.011083697673200782,-0.0031284916201117507,0.09741651424579481,-0.7800115158196946
168,"(99.8,100%]",168,6123,0.02904347826011911,-0.0026722772396948757,0.21762761772604697,10.442794893120535
336,"(.2,.5%]",1,3162,0.004853732915925939,0.002320868938060827,0.030655926881335217,8.903122647958359
336,"(.5,1%]",1,5551,0.0014791821039100437,0.0010391409767924742,0.022590352817626773,4.878476796134804
336,"(1,2%]",1,7952,0.0007936800254124837,0.0008812368474564458,0.01748272243065164,4.048317574009154
336,"(2,5%]",1,24973,0.00044340313500021807,0.0005705591479649996,0.016228034748255994,4.317856342392923
336,"(25,75%]",1,370571,7.978466510692568e-05,7.352400558802152e-05,0.011858760081836114,4.095584194978725
336,"(5,25%]",1,160666,0.00032656962010898946,0.00038233575088564287,0.01404366361776519,9.320889369647173
336,"(75,95%]",1,161313,-0.0001554036972472667,-0.0001924716104374502,0.011917750080122165,-5.23723132885707
336,"(95,98%]",1,24165,-0.0002687471499139725,-0.00042371532208484997,0.012596364426606008,-3.3165920103947193
336,"(98,99%]",1,7934,-0.000599844993257225,-0.0004872032573062235,0.013878704218649361,-3.8497826959929746
336,"(99,99.5%]",1,5706,-0.0002748056107649674,-0.000451316023091175,0.014861628172266609,-1.3967706086162412
336,"(99.5,99.8%]",1,3284,-0.00042458004686946505,-0.00027925011422624824,0.01620136179572017,-1.5017914740725695
336,"(99.8,100%]",1,3654,0.00025157409446921453,-0.0003323407004811041,0.020086884808640303,0.7570727257460539
336,"(.2,.5%]",4,3162,0.008129615629636848,0.0034602104371707076,0.0496158127363877,9.213631435330678
336,"(.5,1%]",4,5551,0.003124281789761243,0.0016711928138708476,0.03923627759205111,5.932640233531167
336,"(1,2%]",4,7952,0.001509936975159873,0.0015013030415637063,0.03343394598110065,4.027257226229156
336,"(2,5%]",4,24971,0.0012460421026655071,0.0011312217194570096,0.029635286262208866,6.644182571505953
336,"(25,75%]",4,370524,0.0003486430346637188,0.0002023369969201827,0.023479796048388048,9.038468417458432
336,"(5,25%]",4,160652,0.0008261447002357826,0.000773368018672671,0.02695727479942799,12.283530362409449
336,"(75,95%]",4,161275,-8.247443572856243e-05,-0.00033704078193474984,0.023435271911148196,-1.4132951914005094
336,"(95,98%]",4,24161,-0.00028398312357855036,-0.0008283132530121362,0.0249235563275059,-1.7710873160743696
336,"(98,99%]",4,7932,-0.00040587995003620394,-0.001047669224099157,0.026208345261664746,-1.3792701889069474
336,"(99,99.5%]",4,5704,-0.000776321634571285,-0.0014881773942027055,0.029341914259641305,-1.9982186312833483
336,"(99.5,99.8%]",4,3282,-0.0009862526370164053,-0.0012492400611283094,0.028545864424633135,-1.9793120423040906
336,"(99.8,100%]",4,3654,0.0013348586074422237,-0.0007915799523579015,0.037325391524624406,2.1617982742475466
336,"(.2,.5%]",8,3162,0.0085306703181978,0.0036849549420101546,0.07460242892189282,6.430002229328902
336,"(.5,1%]",8,5547,0.004615868718238612,0.0024245464426051466,0.05561418337687725,6.181544026921555
336,"(1,2%]",8,7947,0.0033613193519485946,0.0020257560410938957,0.04458202664557879,6.721273613185027
336,"(2,5%]",8,24963,0.0020618261005752934,0.0016901408450704647,0.039552890896346574,8.23611098144794
336,"(25,75%]",8,370467,0.000661398498279113,0.00015867978419548123,0.033050339703913495,12.180413755490692
336,"(5,25%]",8,160614,0.0013290849010304923,0.0009812102960733426,0.03702919921442415,14.384676623179589
336,"(75,95%]",8,161245,0.0002519899065709244,-0.0005589714924539857,0.033443407084073215,3.025629588140271
336,"(95,98%]",8,24158,-8.471835339607508e-05,-0.0011791028837989104,0.03457715827934422,-0.3808190774966274
336,"(98,99%]",8,7931,-0.0005497012608570169,-0.0018264840182647957,0.037437718155059384,-1.3076193470463477
336,"(99,99.5%]",8,5704,-4.9217190475021145e-05,-0.0016388668847244214,0.04034349319123,-0.09213679002725425
336,"(99.5,99.8%]",8,3281,-0.00048759738356000156,-0.001460024528412096,0.04068392657749328,-0.6865017044786991
336,"(99.8,100%]",8,3653,0.0008454841679745504,-0.0012789210556911623,0.04275279195534324,1.195269490936571
336,"(.2,.5%]",24,3122,0.01522306192081092,0.006512245569096908,0.0974036899611918,8.732589665313085
336,"(.5,1%]",24,5539,0.009189106106134262,0.005936422826503307,0.08532630061795068,8.015046236320636
336,"(1,2%]",24,7942,0.006291329971423754,0.004033402969117583,0.0764108453648996,7.337572422325869
336,"(2,5%]",24,24946,0.004566360415210848,0.0035858266944369666,0.06959087751025228,10.363783521129083
336,"(25,75%]",24,370232,0.00202839763843048,0.0005008013624366869,0.06356317385379243,19.417105862909875
336,"(5,25%]",24,160521,0.0035959408163053954,0.0021152829190904665,0.06571232806864899,21.924596525536845
336,"(75,95%]",24,161101,0.0016160505181152353,-0.0009523809523809268,0.06086199288574569,10.65756234713248
336,"(95,98%]",24,24138,0.0013614633687625468,-0.0023178985440480138,0.06255768827912951,3.3812393193004002
336,"(98,99%]",24,7923,0.0010632855216422027,-0.003352737454867083,0.06465682954837432,1.4637952148525601
336,"(99,99.5%]",24,5700,0.0019448198416709473,-0.003346609725388361,0.07009716267855759,2.0946736287140206
336,"(99.5,99.8%]",24,3272,0.0005541149850132209,-0.005299035265116603,0.0964492813035944,0.3286302571763554
336,"(99.8,100%]",24,3644,0.005465264241949971,-0.0029334286432892154,0.10730043919627805,3.0746723986011246
336,"(.2,.5%]",72,3118,0.012272429916652141,0.0037093202401723424,0.12453406955610263,5.502758278011024
336,"(.5,1%]",72,5521,0.012571221508156444,0.0055957867017775165,0.1286982698232608,7.257944517674206
336,"(1,2%]",72,7913,0.009627218738244101,0.00396563119629878,0.13529254078431138,6.329910499468964
336,"(2,5%]",72,24860,0.009572204496008551,0.0030042828068886918,0.13589600964556936,11.10595285752263
336,"(25,75%]",72,369359,0.00608275944400097,-0.0003947887879985901,0.10934661216759915,33.80801345106289
336,"(5,25%]",72,160074,0.009126251965143304,0.0022725428280533366,0.12067248655619137,30.258304697138154
336,"(75,95%]",72,160815,0.005937111202480506,-0.0018090589480151964,0.11035351103498353,21.575074575827042
336,"(95,98%]",72,24118,0.009512959893709705,-0.0011464626583080895,0.1198160069505846,12.330238276158951
336,"(98,99%]",72,7917,0.011484333295142571,-0.00013345433192768485,0.11835740080863746,8.633575499220301
336,"(99,99.5%]",72,5695,0.014278308477810404,-0.000535905680600246,0.14348774820953175,7.509461664202216
336,"(99.5,99.8%]",72,3271,0.016089265314180142,-0.0006963691313490727,0.1426392499323533,6.451154439341611
336,"(99.8,100%]",72,3643,0.019668825178516976,0.00395884799399604,0.1559536827929796,7.612238222287214
336,"(.2,.5%]",168,3105,0.02548123183502329,0.004426534786457825,0.187447088508313,7.574823576771424
336,"(.5,1%]",168,5493,0.023732254995257964,0.004734756981350952,0.17664288445455845,9.957439072241957
336,"(1,2%]",168,7880,0.018383370445464953,0.0010784912916776968,0.18348054987953685,8.894022310531465
336,"(2,5%]",168,24764,0.017916730082969103,0.0031054680797749645,0.1829402699106434,15.412029556717846
336,"(25,75%]",168,367704,0.01488211577616457,-0.0012906700884643407,0.18410526324981857,49.01710429647529
336,"(5,25%]",168,159484,0.017279203948196417,0.0019224049884427608,0.18377440388102725,37.54890423671021
336,"(75,95%]",168,159834,0.021786998789475487,-0.0002646084575494978,0.19672043790067412,44.27744078501655
336,"(95,98%]",168,24025,0.02678778086243794,-0.0018918702869781256,0.20611764735755372,20.144350020040708
336,"(98,99%]",168,7891,0.03067597257156667,-0.0006866245536939486,0.21193314565235497,12.857764830202935
336,"(99,99.5%]",168,5673,0.03247398473231741,-0.001953548947254302,0.2331751555245881,10.48961862902749
336,"(99.5,99.8%]",168,3262,0.034642383766615444,0.0004066675158711508,0.2194041269583755,9.017890436340574
336,"(99.8,100%]",168,3637,0.030568680057568902,-0.002507257851675937,0.2148035677162214,8.582362350105207
720,"(.2,.5%]",1,2901,0.0024299231658547124,0.001364109559536253,0.026896418155990746,4.865998354671816
720,"(.5,1%]",1,5438,0.0005772158725893695,0.0006932009127779137,0.020228710153790665,2.104212881880914
720,"(1,2%]",1,9115,0.001035152261706775,0.0008101309000980716,0.017407893639640893,5.677228147463973
720,"(2,5%]",1,26376,0.0003959911531849025,0.0005458834789880962,0.01563325038884002,4.113776252098101
720,"(25,75%]",1,366736,6.722366410023192e-05,4.362050371076176e-05,0.011768355070060937,3.459259872908244
720,"(5,25%]",1,163877,0.0002908743706007051,0.000352298749339397,0.013906481814834316,8.467343663992407
720,"(75,95%]",1,157498,-0.00013027922729563491,-0.00016062967762497937,0.012016239384902105,-4.302730291343032
720,"(95,98%]",1,23799,-5.9597556842971654e-05,-0.00029180814940577005,0.013137841565762389,-0.6998158762298908
720,"(98,99%]",1,8826,-0.0005066866490731556,-0.0005212315365618614,0.013905772170072304,-3.423153017568066
720,"(99,99.5%]",1,5583,-0.0003522711761014622,-0.00033623491612821965,0.014259761336640212,-1.845859607738295
720,"(99.5,99.8%]",1,3234,-0.0005584897855258477,-0.0005023080562275295,0.01448726033157575,-2.1922949223352366
720,"(99.8,100%]",1,3580,2.8060577784590272e-05,-0.00031189991625890645,0.02154545460659098,0.07792601368400141
720,"[0,.2%]",1,1622,0.007489324338962689,0.00298671997527733,0.038488962059753704,7.836675506877294
720,"(.2,.5%]",4,2901,0.004936883800907763,0.002295173181249277,0.04509716019667736,5.8962728854863276
720,"(.5,1%]",4,5438,0.002136206156933464,0.0014275218716142124,0.037683991224581145,4.180284791431901
720,"(1,2%]",4,9114,0.0017479400098291671,0.0011562270655921525,0.032628317375802234,5.1143018570159136
720,"(2,5%]",4,26375,0.0010147845589317348,0.0010706638115631772,0.029498289859456774,5.586930201299323
720,"(25,75%]",4,366684,0.00030258577734240417,0.0002065527002563794,0.023263136028905233,7.876372199860201
720,"(5,25%]",4,163860,0.0007930431389165133,0.0006737323806699225,0.02665536968687069,12.043385200083954
720,"(75,95%]",4,157468,-3.508547948867231e-05,-0.0003260515161396249,0.02374343173178284,-0.586381260102568
720,"(95,98%]",4,23794,0.00018583104905960863,-0.0005403724313533531,0.025337844663317705,1.1313118544358463
720,"(98,99%]",4,8825,-0.0006270678594820526,-0.0008233163181294856,0.026398268181771805,-2.2314977944351053
720,"(99,99.5%]",4,5580,-0.00025926181639383816,-0.0012175783507504256,0.027254221206149003,-0.7105945664594296
720,"(99.5,99.8%]",4,3233,-0.0004761325410652627,-0.001066585403016962,0.02841215369927483,-0.9528544379997794
720,"(99.8,100%]",4,3580,0.00045516451184786583,-0.0013960708557808066,0.039422332186507855,0.6908242813795181
720,"[0,.2%]",4,1622,0.012162252740962005,0.004516168544357102,0.061416518639405324,7.975432688696705
720,"(.2,.5%]",8,2900,0.005698724794099181,0.0026314064390415837,0.06375444496288722,4.813558054594026
720,"(.5,1%]",8,5433,0.004376362760325888,0.0018385425371887365,0.052798726401444104,6.109556981412666
720,"(1,2%]",8,9112,0.002643347559627983,0.0019060686716455555,0.04374935426672504,5.767524900297752
720,"(2,5%]",8,26363,0.0018917576202014386,0.0016889039013681106,0.03944304510707832,7.7873997810748365
720,"(25,75%]",8,366620,0.0005622909494784072,0.00010055580184831214,0.03264285756226488,10.429920540851
720,"(5,25%]",8,163825,0.001306503999279758,0.0009580041674601691,0.03686433966110901,14.34479588113733
720,"(75,95%]",8,157445,0.00036986539925962025,-0.0004863024801426974,0.03385032749694928,4.335560660779858
720,"(95,98%]",8,23791,0.00043777507440010804,-0.0010752688172042113,0.03585737708691284,1.8831237494272577
720,"(98,99%]",8,8824,-0.0002598418569469284,-0.0014085623779627743,0.035922349058618006,-0.6794807106781512
720,"(99,99.5%]",8,5580,0.00051861487832496,-0.0015021455999407185,0.04019571373764103,0.9637898021632919
720,"(99.5,99.8%]",8,3232,-0.0005348134859624234,-0.0019742940219359406,0.03944677172940377,-0.7707731173035529
720,"(99.8,100%]",8,3579,-0.00013825079305440893,-0.0013524393901919174,0.04468378349959253,-0.18509664268953857
720,"[0,.2%]",8,1622,0.013505364747677745,0.0050311029675146335,0.09223974390680897,5.89676274466583
720,"(.2,.5%]",24,2895,0.010400977409433064,0.006782534972445964,0.09516032912715769,5.880882491932434
720,"(.5,1%]",24,5430,0.00921017255645267,0.004615801924401697,0.08509388421207627,7.97570961961273
720,"(1,2%]",24,9099,0.0050423415032148314,0.003729024238657397,0.07415553661651003,6.4861278719535544
720,"(2,5%]",24,26349,0.0042718021541376045,0.0028941355674028113,0.06982487911821332,9.930771898514307
720,"(25,75%]",24,366374,0.0017077103690666467,0.0003222532011114554,0.06187341729091547,16.705998402327346
720,"(5,25%]",24,163725,0.0037676790381889324,0.0021623419827012658,0.06773129302211243,22.508265634971277
720,"(75,95%]",24,157314,0.0019000910494500899,-0.0006897543439755016,0.06165599306534032,12.22314044902438
720,"(95,98%]",24,23774,0.0021248359112351163,-0.0020429295763153554,0.06362847356125381,5.149025256913264
720,"(98,99%]",24,8817,0.0022421090888734576,-0.002975517890772217,0.09100318376893156,2.3134524261713385
720,"(99,99.5%]",24,5570,0.004372886936694574,-0.002246294829935769,0.0712848283058435,4.578241926785399
720,"(99.5,99.8%]",24,3226,0.0010741755319577466,-0.00456727258396411,0.07167114272449367,0.8512617277862428
720,"(99.8,100%]",24,3575,0.003292916023080546,-0.00287287526933222,0.07718462866869834,2.550867257401405
720,"[0,.2%]",24,1586,0.019785917611299796,0.007209896642235036,0.10984072357026675,7.173719688303665
720,"(.2,.5%]",72,2893,0.01430149143729461,0.0055284552845529245,0.1342860271990203,5.728286375997778
720,"(.5,1%]",72,5406,0.014260536584556244,0.00720100457585926,0.12044070747116654,8.705637712273013
720,"(1,2%]",72,9058,0.010155662615863616,0.004559318656512157,0.11357723536666173,8.510069946342991
720,"(2,5%]",72,26267,0.010196204394585085,0.0028404047576779945,0.13603754225327988,12.147446437723437
720,"(25,75%]",72,365485,0.005522640885850183,-0.000686089003798851,0.10875599614500633,30.699292865977437
720,"(5,25%]",72,163243,0.008549201678137422,0.0017606817598847524,0.1213156469768351,28.47252791375219
720,"(75,95%]",72,157080,0.00717719506570462,-0.0009565183479325889,0.11088678174326984,25.652837909076723
720,"(95,98%]",72,23765,0.010364580273911564,-0.0002896409899929564,0.12299173340123072,12.991063526496145
720,"(98,99%]",72,8812,0.0122513187203293,-0.0008097677176307494,0.12899655021917317,8.915423677299255
720,"(99,99.5%]",72,5564,0.015731404332542012,0.002815272927576662,0.13258897593299723,8.850211264328179
720,"(99.5,99.8%]",72,3225,0.01428496178136491,-0.0016590626296143496,0.14919541616410706,5.437364683536935
720,"(99.8,100%]",72,3575,0.0214339734833748,0.00388209271881923,0.15282546382462553,8.385809447601238
720,"[0,.2%]",72,1585,0.011488868327636242,0.004080244814688827,0.13303719183108678,3.4381024687423016
720,"(.2,.5%]",168,2872,0.025581512672895507,0.0030234856336608384,0.17733907911177424,7.730614023823062
720,"(.5,1%]",168,5380,0.027381695771611075,0.006870446078417025,0.17262549893959017,11.634468064782382
720,"(1,2%]",168,9014,0.0215411306359252,0.004050793103837269,0.16978010437384633,12.045933883867068
720,"(2,5%]",168,26148,0.021130217457507667,0.0037685467324064525,0.18302846776621978,18.66829094225212
720,"(25,75%]",168,363705,0.013289198023337122,-0.0021852237252860673,0.18178102950122094,44.08845195154627
720,"(5,25%]",168,162539,0.01714726038958974,0.001178075396825351,0.18958924444668906,36.463624775308475
720,"(75,95%]",168,156339,0.022887662962031447,0.00073891625615774,0.19549521054200475,46.29125897387255
720,"(95,98%]",168,23697,0.03320994594215249,0.0021389816360601888,0.21542412599112634,23.731244472221665
720,"(98,99%]",168,8795,0.03574897456184504,0.002235301685320934,0.21036823582354283,15.93680819627162
720,"(99,99.5%]",168,5549,0.03652166340487386,0.007772020725388629,0.21554638684224878,12.621679984864137
720,"(99.5,99.8%]",168,3218,0.0407379728074651,0.003286379842816989,0.2571006108380125,8.988543517203277
720,"(99.8,100%]",168,3572,0.042342535930200945,0.008254369345895518,0.22002716937534705,11.50154752209151
720,"[0,.2%]",168,1578,0.023191845375116572,0.0031088159066590126,0.1724665935798132,5.341753222061531
