form,x,exit_frac,m_events,k_max,filter,total_return,profit_factor,max_drawdown,n_trades,turnover,total_funding,sharpe,stress_total_return,eligible,phase
abs,3.0,0.25,1,3,none,-0.8277161843765728,1.0019798260784003,0.9875545472582622,7902,2813.333333333333,-1.6960935149999998,0.0524167787346337,,False,preregistered
abs,3.0,0.25,1,3,trend72,-0.9949339925040448,0.9515019314807532,0.9992252076003988,15792,6275.333333333333,-1.05777729,-1.1467319886514094,,False,preregistered
abs,3.0,0.25,1,5,none,-0.8866227985173126,0.994887935951181,0.9874441333716298,10014,2282.0333333333338,-1.527700604,-0.1369458572123629,,False,preregistered
abs,3.0,0.25,1,5,trend72,-0.9954936843959538,0.9468675777005608,0.9992526636063382,22706,6060.366666666667,-1.0040879526666666,-1.270624724357864,,False,preregistered
abs,3.0,0.25,1,10,none,-0.8744964647939895,0.9946079390218632,0.9848031676083292,12520,1667.2849206349206,-1.3780956780158728,-0.1443836120824236,,False,preregistered
abs,3.0,0.25,1,10,trend72,-0.9956079244620952,0.9456077855848956,0.999247883912151,35753,5836.059523809524,-0.959038645829365,-1.3017803446679077,,False,preregistered
abs,3.0,0.25,3,3,none,-0.3594143390174126,1.014856641450313,0.9760931358571104,3974,1390.0,-1.6821082433333334,0.3883142187947966,,False,preregistered
abs,3.0,0.25,3,3,trend72,-0.978428181990572,0.969976486500513,0.997995064302284,14197,5546.0,-1.0636432583333333,-0.7120216929395178,,False,preregistered
abs,3.0,0.25,3,5,none,-0.4986734743166816,1.0103805036164208,0.9580500638736774,5069,1097.2,-1.509186744333333,0.2728833377509657,,False,preregistered
abs,3.0,0.25,3,5,trend72,-0.9807068103456036,0.9665299469050735,0.9980052139981356,20887,5450.766666666666,-1.0013154045,-0.7933781642598954,,False,preregistered
abs,3.0,0.25,3,10,none,-0.8422920337081928,0.9969402514692352,0.9833933707554312,6646,796.6341269841271,-1.3633431483730158,-0.0808015519323079,,False,preregistered
abs,3.0,0.25,3,10,trend72,-0.9869788909877988,0.9609718437477468,0.9986137401194308,33206,5361.639682539682,-0.9539075243928572,-0.924700025784938,,False,preregistered
abs,3.0,0.25,6,3,none,-0.2642164982877477,1.0161118893016856,0.9763032475415476,2480,867.3333333333333,-1.650564155,0.4269738230080259,,False,preregistered
abs,3.0,0.25,6,3,trend72,-0.9786624734202956,0.9707631692123004,0.9985479973724856,13339,5285.0,-1.0375514733333333,-0.7052558557644182,,False,preregistered
abs,3.0,0.25,6,5,none,-0.6743604871386031,1.006187529286961,0.972839996317824,3253,708.7666666666667,-1.4842837518333334,0.1657854523517866,,False,preregistered
abs,3.0,0.25,6,5,trend72,-0.98428763975268,0.9646408372940978,0.9988090476060568,20201,5290.733333333334,-0.9785140965,-0.8587740335674491,,False,preregistered
abs,3.0,0.25,6,10,none,-0.8881676267448048,0.9942450304434932,0.98831598659755,4355,508.46507936507936,-1.3505739271626984,-0.1547299053452517,,False,preregistered
abs,3.0,0.25,6,10,trend72,-0.9868116905965914,0.9619240621335776,0.9989651770109514,32527,5250.499206349206,-0.9312064031230158,-0.9197390611623718,,False,preregistered
abs,3.0,0.5,1,3,none,-0.7521419178572653,1.0060401026420198,0.987716222148654,7387,2937.333333333333,-1.7497594783333332,0.1500150999964707,,False,preregistered
abs,3.0,0.5,1,3,trend72,-0.6322038696033514,1.0047199073052075,0.972949514224093,10889,4920.666666666666,-1.0681365466666666,0.095596339693276,,False,preregistered
abs,3.0,0.5,1,5,none,-0.7724529665915141,1.0030976869575392,0.9849139190023944,9507,2672.866666666667,-1.641768199,0.0778767902487442,,False,preregistered
abs,3.0,0.5,1,5,trend72,-0.6005305267373775,1.004996727730178,0.9700820018570584,14682,4866.833333333334,-1.0424836923333332,0.1021584238884263,,False,preregistered
abs,3.0,0.5,1,10,none,-0.5556071155534296,1.0095528799685138,0.969115215597414,12085,2407.3626984126986,-1.552346438115079,0.2397970722426917,,False,preregistered
abs,3.0,0.5,1,10,trend72,-0.6442741516626711,1.002674570510304,0.9724114097752136,21405,4809.115873015873,-1.0226606374285714,0.054918749046073,,False,preregistered
abs,3.0,0.5,3,3,none,0.8113737986183118,1.027183565355098,0.9267289405510616,3692,1392.6666666666663,-1.734524695,0.6620120480246059,,False,preregistered
abs,3.0,0.5,3,3,trend72,-0.7025771597651236,1.0028651179771424,0.9684411832629116,9825,4197.333333333333,-1.067272973333333,0.0584262860586899,,False,preregistered
abs,3.0,0.5,3,5,none,0.5677470289647653,1.0245475452355823,0.8981589657577032,4949,1247.3333333333337,-1.6157027816666667,0.6018382042071694,,False,preregistered
abs,3.0,0.5,3,5,trend72,-0.6882771401793525,1.0028396900427294,0.96386764846039,13732,4146.266666666666,-1.0287075873333331,0.0577629343685876,,False,preregistered
abs,3.0,0.5,3,10,none,-0.1011400589139628,1.0178142422193055,0.9284652646857464,6789,1110.0857142857144,-1.5193203842380951,0.437997360766057,,False,preregistered
abs,3.0,0.5,3,10,trend72,-0.7686374796291581,0.997997363254842,0.9729138046357771,21128,4141.055555555556,-1.0036729423809525,-0.0408553754807433,,False,preregistered
abs,3.0,0.5,6,3,none,0.5563714863422142,1.0246635044058834,0.9245213423418124,2242,856.0,-1.6574225066666668,0.6097824678512218,,False,preregistered
abs,3.0,0.5,6,3,trend72,-0.8718006973600955,0.9896503270213332,0.9790888957836096,9253,3970.0,-1.019882055,-0.22267369366953,,False,preregistered
abs,3.0,0.5,6,5,none,0.5943196710889982,1.0239202284055422,0.8645147175091257,3139,783.2,-1.5425981193333334,0.596711098708545,,False,preregistered
abs,3.0,0.5,6,5,trend72,-0.8772581738937892,0.9876815468122428,0.9795058583544412,13040,3955.0,-0.9829617616666666,-0.2662504234034479,,False,preregistered
abs,3.0,0.5,6,10,none,-0.0374719314045075,1.0179721746758617,0.9058938020952072,4324,689.6690476190477,-1.4474208796944446,0.4465031588967669,,False,preregistered
abs,3.0,0.5,6,10,trend72,-0.8910009434397682,0.9858807930688306,0.981868544124608,20936,3951.401587301588,-0.9515622840436508,-0.3025783673540431,,False,preregistered
abs,3.0,1.0,1,3,none,-0.6439937737575054,1.010029506618039,0.9770415071248496,7501,3236.0,-1.7364233866666667,0.2366598810991358,,False,preregistered
abs,3.0,1.0,1,3,trend72,-0.3062989868265712,1.0151185674914225,0.9348509723772166,9823,4669.333333333333,-1.0460699333333334,0.283443967948215,,False,preregistered
abs,3.0,1.0,1,5,none,-0.6032346883083458,1.009529609998006,0.9697503533540878,9513,3100.3666666666663,-1.6451943913333331,0.2270411336036795,,False,preregistered
abs,3.0,1.0,1,5,trend72,-0.2549171681646189,1.0154315824038085,0.9279263417492456,13156,4659.0,-1.0261992811666667,0.2923572956979811,,False,preregistered
abs,3.0,1.0,1,10,none,-0.351098245900043,1.0144677909063509,0.9542353103679624,12116,2944.8063492063493,-1.569697891123016,0.3445292762019248,,False,preregistered
abs,3.0,1.0,1,10,trend72,-0.3537749681102945,1.0125399269143192,0.9357103765053942,19117,4641.340476190476,-1.0093319381468255,0.238519204511151,,False,preregistered
abs,3.0,1.0,3,3,none,1.2795922907544206,1.0313076460396304,0.9251224359229452,3952,1648.3333333333333,-1.7308459466666666,0.7128268082047897,,False,preregistered
abs,3.0,1.0,3,3,trend72,-0.4133094148959979,1.0119898772526037,0.9585990083139524,8407,3771.333333333334,-1.0447154783333332,0.2237790588393947,,False,preregistered
abs,3.0,1.0,3,5,none,2.263698984723413,1.034817847150027,0.858239805759456,5191,1588.2666666666669,-1.6313097353333332,0.7968314663246299,,False,preregistered
abs,3.0,1.0,3,5,trend72,-0.3170344242685319,1.014163064736417,0.9463730339605344,11640,3752.2,-1.0161872566666663,0.2633401068362169,,False,preregistered
abs,3.0,1.0,3,10,none,1.255423593779616,1.0300097779451816,0.8805357735342626,6947,1513.4492063492064,-1.5488303042976188,0.6884910590137694,,False,preregistered
abs,3.0,1.0,3,10,trend72,-0.4151366241861913,1.0111560559959574,0.9508676245500336,18109,3781.195238095238,-0.99575561434127,0.2078036129986941,,False,preregistered
abs,3.0,1.0,6,3,none,3.5593414354447432,1.039242410996506,0.8746562454185728,2415,1000.3333333333334,-1.6673861649999997,0.8921893588364643,,False,preregistered
abs,3.0,1.0,6,3,trend72,-0.7994234219493077,0.9930028792738272,0.97186903161576,7713,3434.0,-1.011487356666667,-0.1353870895777496,,False,preregistered
abs,3.0,1.0,6,5,none,4.031956562327738,1.040055486286189,0.7835542775570151,3365,984.7666666666668,-1.5720111661666667,0.918047725273816,,False,preregistered
abs,3.0,1.0,6,5,trend72,-0.8092838832706447,0.990871573039376,0.9725923489388814,10837,3450.0333333333338,-0.9844907181666668,-0.1775936671632658,,False,preregistered
abs,3.0,1.0,6,10,none,2.429219122457784,1.035109549308343,0.8091572461282321,4818,945.7650793650794,-1.4911596927261903,0.8057426745858391,,False,preregistered
abs,3.0,1.0,6,10,trend72,-0.8085114237546841,0.9906806746584448,0.972481339438293,17337,3468.5365079365083,-0.9599361736944444,-0.1807985879281892,,False,preregistered
abs,5.0,0.25,1,3,none,0.3654749610419245,1.0257542742038768,0.9239855037976308,4943,1962.6666666666663,-1.7282205383333331,0.5775680421507856,,False,preregistered
abs,5.0,0.25,1,3,trend72,0.4214866020725571,1.028139956234302,0.9053793918886136,8232,3747.6666666666665,-1.046022255,0.5087466480275898,,False,preregistered
abs,5.0,0.25,1,5,none,0.3810008747394702,1.0247137448845272,0.9076150840990688,6187,1745.3666666666666,-1.6459468826666668,0.5599445996829956,,False,preregistered
abs,5.0,0.25,1,5,trend72,0.270430200586919,1.025295536621004,0.9074304113881024,11132,3702.266666666667,-1.02631269,0.4632193289308734,,False,preregistered
abs,5.0,0.25,1,10,none,1.2416290236944074,1.0303491690725637,0.8707343788441054,7786,1516.8722222222225,-1.5702027737380957,0.6866521036701255,,False,preregistered
abs,5.0,0.25,1,10,trend72,0.1125316502063653,1.0225788673232243,0.914737373650595,16506,3662.951587301587,-1.0091389896746032,0.4148197388518574,,False,preregistered
abs,5.0,0.25,3,3,none,0.3293011439704796,1.0251904457683565,0.9219304066781802,2391,908.0,-1.67790278,0.5624378656855931,,False,preregistered
abs,5.0,0.25,3,3,trend72,-0.9456410042699908,0.9697042445271212,0.9868051793679364,7405,3248.666666666667,-1.0070652633333337,-0.5776732966052958,,False,preregistered
abs,5.0,0.25,3,5,none,0.4521242462812798,1.025345775027077,0.8921170448002207,3074,794.2,-1.5884501296666669,0.5675833597587971,,False,preregistered
abs,5.0,0.25,3,5,trend72,-0.9201771527689864,0.9752953245640504,0.9803173649762158,10183,3184.333333333333,-0.9768708756666664,-0.4670602363172773,,False,preregistered
abs,5.0,0.25,3,10,none,0.1591947044115613,1.0220035456277967,0.8996338937326792,4063,676.5023809523809,-1.509246401333333,0.4934552406720831,,False,preregistered
abs,5.0,0.25,3,10,trend72,-0.9316174442589176,0.9720254811942534,0.9831383002068316,15936,3165.35,-0.9545589515595236,-0.530235655693482,,False,preregistered
abs,5.0,0.25,6,3,none,0.6163771975297523,1.0277085170920586,0.9562017161306388,1507,574.3333333333334,-1.5546232933333333,0.6056582874442558,,False,preregistered
abs,5.0,0.25,6,3,trend72,-0.9213184261024386,0.977555251166748,0.9891170023852576,7045,3133.333333333333,-0.9407127116666666,-0.4246260613374661,,False,preregistered
abs,5.0,0.25,6,5,none,0.3374619835372245,1.024433134520007,0.9408060522594052,1934,494.4,-1.4632381755,0.5352742750978453,,False,preregistered
abs,5.0,0.25,6,5,trend72,-0.9143161289574702,0.97760841509246,0.9881484657971916,10056,3115.5,-0.9100515396666666,-0.4231872750670656,,False,preregistered
abs,5.0,0.25,6,10,none,-0.2222251942560055,1.0169626102484317,0.9593960510005556,2643,403.72857142857146,-1.3890618207499998,0.3696963352634293,,False,preregistered
abs,5.0,0.25,6,10,trend72,-0.9251211894877734,0.9751052536717392,0.9896429891290652,16113,3096.6849206349207,-0.8834311775436507,-0.4668957021915454,,False,preregistered
abs,5.0,0.5,1,3,none,-0.5562173521981348,1.0125558427946093,0.960850614483428,4927,2096.6666666666665,-1.7032918316666668,0.2666917075760626,,False,preregistered
abs,5.0,0.5,1,3,trend72,-0.4106358568388193,1.011632011364191,0.9308956875631677,7393,3461.333333333333,-0.9927744566666666,0.1937514777990386,,False,preregistered
abs,5.0,0.5,1,5,none,-0.4766942929674931,1.0129704670650754,0.9462211428708012,6099,1938.6666666666667,-1.631924472833333,0.2781767607216611,,False,preregistered
abs,5.0,0.5,1,5,trend72,-0.3599951090176618,1.0123144829252737,0.925320647410918,9897,3415.5666666666666,-0.9779902331666668,0.2071730748660073,,False,preregistered
abs,5.0,0.5,1,10,none,-0.2207728671685003,1.0175685948628637,0.9247407727002812,7711,1760.072222222222,-1.5675874787579365,0.3759352804322247,,False,preregistered
abs,5.0,0.5,1,10,trend72,-0.4491331845980038,1.0088005712007082,0.9321207477472572,14563,3396.846031746032,-0.9638191966984128,0.1484157314816691,,False,preregistered
abs,5.0,0.5,3,3,none,0.2600090483011346,1.025928067088388,0.9248202354284036,2347,952.3333333333331,-1.649901585,0.5409770265409961,,False,preregistered
abs,5.0,0.5,3,3,trend72,-0.9019172772155036,0.9760964336099316,0.9745617244830048,6289,2851.333333333333,-0.980548385,-0.4132756914698142,,False,preregistered
abs,5.0,0.5,3,5,none,0.6049421404924031,1.028130917229965,0.8671242128432288,2981,870.3000000000001,-1.5758590723333334,0.5902919328782579,,False,preregistered
abs,5.0,0.5,3,5,trend72,-0.8621179120051097,0.9815908058592574,0.963855213626802,8608,2826.333333333333,-0.958321092,-0.3170097814697942,,False,preregistered
abs,5.0,0.5,3,10,none,0.3649334678923965,1.025475369606503,0.8649800249699134,3918,774.3809523809524,-1.5033962093293651,0.5348356366954458,,False,preregistered
abs,5.0,0.5,3,10,trend72,-0.8846734959334281,0.9775425828609168,0.9697679958776916,13711,2833.2055555555557,-0.94057371259127,-0.3879941404537134,,False,preregistered
abs,5.0,0.5,6,3,none,0.927721755995351,1.0310285167588495,0.9565977646052036,1446,575.3333333333334,-1.52595209,0.6399422526673357,,False,preregistered
abs,5.0,0.5,6,3,trend72,-0.9010701988594704,0.974693489304064,0.9760687619788908,5710,2614.0,-0.9157072783333332,-0.4462264566567389,,False,preregistered
abs,5.0,0.5,6,5,none,1.1297616464603846,1.0317642755237268,0.927658427619774,1868,527.8666666666667,-1.4558174066666667,0.6594261214671489,,False,preregistered
abs,5.0,0.5,6,5,trend72,-0.8888278719405405,0.97565864045799,0.9726522472190428,8062,2621.466666666667,-0.8920596036666666,-0.429230419814565,,False,preregistered
abs,5.0,0.5,6,10,none,0.4328620073882394,1.025580352475823,0.9370619077292895,2644,480.9936507936508,-1.3946206541349206,0.5316009265510941,,False,preregistered
abs,5.0,0.5,6,10,trend72,-0.8945569499367766,0.9740766896343772,0.9740777573792244,13133,2614.1055555555554,-0.871063849734127,-0.4567023256057658,,False,preregistered
abs,5.0,1.0,1,3,none,-0.3032013696451989,1.019052436232125,0.9273986842341034,4920,2376.0,-1.6463123383333331,0.3740404451889039,,False,preregistered
abs,5.0,1.0,1,3,trend72,0.2325673471805904,1.0284098398869406,0.8768884810901768,6458,3196.0,-0.9420961883333332,0.4306160122323678,,False,preregistered
abs,5.0,1.0,1,5,none,-0.2832450584741678,1.0180186658239871,0.9235678210519668,6030,2285.9333333333334,-1.5862016078333334,0.3567846606141076,,False,preregistered
abs,5.0,1.0,1,5,trend72,0.2303795213195516,1.0275559881391192,0.8776928739985906,8546,3189.833333333334,-0.9310128366666668,0.4226509127499976,,False,preregistered
abs,5.0,1.0,1,10,none,-0.1854828209572212,1.019237336220134,0.923493711213103,7770,2190.4,-1.5299160646468253,0.3803664427750232,,False,preregistered
abs,5.0,1.0,1,10,trend72,-0.0030290717794183,1.0221250899065093,0.8957373821659709,12179,3190.3984126984124,-0.9197408356150792,0.3405277528336142,,False,preregistered
abs,5.0,1.0,3,3,none,2.433768526767681,1.0432728103262103,0.8901379603056272,2456,1139.6666666666667,-1.575971708333333,0.8109469121189089,,False,preregistered
abs,5.0,1.0,3,3,trend72,-0.6572907031600908,0.996344357781652,0.939018606153671,5172,2482.0,-0.9128059383333332,-0.0556968458991515,,False,preregistered
abs,5.0,1.0,3,5,none,4.004897027711869,1.048995261299658,0.8008699337795204,3078,1093.9666666666667,-1.509491085,0.9206671609513728,,False,preregistered
abs,5.0,1.0,3,5,trend72,-0.5674704474389876,1.0012350030724644,0.9210556255592576,7189,2493.1000000000004,-0.8954799633333332,0.0187728564482702,,False,preregistered
abs,5.0,1.0,3,10,none,3.31936381803209,1.0467004954728558,0.804257782212378,4224,1041.6595238095238,-1.4462180229960315,0.8768285521367877,,False,preregistered
abs,5.0,1.0,3,10,trend72,-0.5619443488403906,1.0012915615069742,0.9210487583556084,11149,2519.255555555556,-0.882979245734127,0.0196271587839184,,False,preregistered
abs,5.0,1.0,6,3,none,0.6911303971976219,1.0317557814843883,0.924352863153848,1523,708.3333333333334,-1.4759285166666665,0.5923386289494648,,False,preregistered
abs,5.0,1.0,6,3,trend72,-0.6833678992728897,0.9947391656848044,0.9275818983843126,4651,2169.333333333333,-0.85587634,-0.0797530653934799,,False,preregistered
abs,5.0,1.0,6,5,none,1.3308543692539394,1.036473948476427,0.8631622402362824,1953,686.4333333333335,-1.4155314945000002,0.6819933875614987,,False,preregistered
abs,5.0,1.0,6,5,trend72,-0.6997622332831386,0.9923510576792236,0.9222038835156052,6738,2194.7000000000003,-0.8387780023333334,-0.1162814629862733,,False,preregistered
abs,5.0,1.0,6,10,none,0.7198202994356604,1.0311108397789266,0.8649224211752751,2880,664.4579365079366,-1.362799701357143,0.5814514090130704,,False,preregistered
abs,5.0,1.0,6,10,trend72,-0.683254387990462,0.9933631801347608,0.9174369358398562,10689,2215.261904761905,-0.8233484188531746,-0.1006917053606844,,False,preregistered
abs,8.0,0.25,1,3,none,1.556995163312799,1.0396416938584354,0.8780776695381605,3019,1282.6666666666663,-1.56454225,0.7236446725458449,,False,preregistered
abs,8.0,0.25,1,3,trend72,-0.5434291204043953,1.0051573820377546,0.930227849844982,5137,2413.333333333333,-0.8774123850000001,0.0722177305485744,,False,preregistered
abs,8.0,0.25,1,5,none,1.418410581548652,1.038068528797335,0.848171513628871,3644,1140.1666666666667,-1.5048286355,0.699974026820575,,False,preregistered
abs,8.0,0.25,1,5,trend72,-0.5658027721347818,1.0031749256626608,0.9281021050261328,6895,2371.3,-0.8658935806666666,0.0443642831090242,,False,preregistered
abs,8.0,0.25,1,10,none,2.3165984561574424,1.043498500178192,0.7996482747802697,4624,979.334126984127,-1.4466175030119048,0.7943304865508394,,False,preregistered
abs,8.0,0.25,1,10,trend72,-0.6187145452494841,0.9993365586755568,0.933055244330432,10456,2352.631746031746,-0.8537120341031745,-0.009282852109172,,False,preregistered
abs,8.0,0.25,3,3,none,0.2394522568943056,1.0268879770580706,0.947258530409752,1461,590.0,-1.5234360666666666,0.5073995283698657,,False,preregistered
abs,8.0,0.25,3,3,trend72,-0.8681318853885018,0.9764717782857484,0.9671844928917624,4511,2088.0,-0.8987624649999999,-0.3678467918839173,,False,preregistered
abs,8.0,0.25,3,5,none,0.3094193262649707,1.0267987154742766,0.9291676547509148,1828,520.1333333333333,-1.4614122956666666,0.5078990932657367,,False,preregistered
abs,8.0,0.25,3,5,trend72,-0.8509057606670478,0.97815577394185,0.9628977551924356,6240,2073.8,-0.879606661,-0.3405148972403262,,False,preregistered
abs,8.0,0.25,3,10,none,0.1609339629335373,1.024467779683897,0.9275095607128128,2384,438.0904761904762,-1.4088673141111112,0.463246064327369,,False,preregistered
abs,8.0,0.25,3,10,trend72,-0.858530447853542,0.9764777211070848,0.9647951659296986,9959,2062.319841269841,-0.8625946875753969,-0.3671676605217545,,False,preregistered
abs,8.0,0.25,6,3,none,1.5317774178806407,1.040332558419403,0.9401884396987996,872,351.3333333333333,-1.3967372916666667,0.716783543359074,,False,preregistered
abs,8.0,0.25,6,3,trend72,-0.7845375944265348,0.9890479068458782,0.9648068581223794,4029,1879.0,-0.830767425,-0.163173585914946,,False,preregistered
abs,8.0,0.25,6,5,none,1.972117241399328,1.0426224061952103,0.9059517385753788,1144,316.3,-1.3404588826666668,0.7587284352783568,,False,preregistered
abs,8.0,0.25,6,5,trend72,-0.8111283463699289,0.9850030859743244,0.9657608735985236,5826,1892.9,-0.8126779556666667,-0.2236643196647147,,False,preregistered
abs,8.0,0.25,6,10,none,2.087918696375946,1.0433217607492022,0.9042066319465808,1463,265.49126984126985,-1.3017998181428574,0.7688126217235189,,False,preregistered
abs,8.0,0.25,6,10,trend72,-0.7960122504909216,0.9864865211653772,0.9651687571895406,9502,1885.534126984127,-0.7950050383095237,-0.2013645828904613,,False,preregistered
abs,8.0,0.5,1,3,none,0.7721995951384493,1.0371827890680596,0.8746674775587275,2921,1349.0,-1.53258081,0.6231595207612182,,False,preregistered
abs,8.0,0.5,1,3,trend72,-0.2746727233931508,1.0179426444355817,0.8842547065292647,4460,2154.333333333333,-0.8399885149999999,0.2247606417441364,,False,preregistered
abs,8.0,0.5,1,5,none,0.2112828140323124,1.0294092987573549,0.9104299442820832,3528,1232.4,-1.4821664991666663,0.497307115450547,,False,preregistered
abs,8.0,0.5,1,5,trend72,-0.3357552272060428,1.0146503866716612,0.885773284994271,5948,2123.6333333333337,-0.8320865241666667,0.1835945296128758,,False,preregistered
abs,8.0,0.5,1,10,none,0.4899659381488797,1.0329745576947276,0.90029446139179,4573,1114.6968253968255,-1.4357578505674606,0.5535502759697504,,False,preregistered
abs,8.0,0.5,1,10,trend72,-0.3925373843726072,1.0115946904786834,0.889960975572025,8758,2113.692857142857,-0.82368670375,0.145422622955385,,False,preregistered
abs,8.0,0.5,3,3,none,1.8810681529130295,1.0445873081286663,0.8801926939357152,1428,637.3333333333333,-1.4172338183333333,0.7501946914998242,,False,preregistered
abs,8.0,0.5,3,3,trend72,-0.6242151562410534,0.9976527749389716,0.92160272078888,3765,1754.0,-0.8147166933333333,-0.0312354586814286,,False,preregistered
abs,8.0,0.5,3,5,none,2.3507627983527764,1.047189167183651,0.8313440292578098,1782,577.9,-1.3605406273333336,0.7960706935685152,,False,preregistered
abs,8.0,0.5,3,5,trend72,-0.5692735399158837,1.000811388527009,0.9062507921858476,5310,1751.2333333333331,-0.7999012746666667,0.0107517839225884,,False,preregistered
abs,8.0,0.5,3,10,none,2.3625535742324124,1.0473940616082211,0.8178538023459583,2430,515.0055555555556,-1.3150209531825396,0.7973890286267995,,False,preregistered
abs,8.0,0.5,3,10,trend72,-0.5825047590869575,0.9997150230195828,0.9099247190652748,8609,1761.9499999999998,-0.7871344107222222,-0.003775000487481,,False,preregistered
abs,8.0,0.5,6,3,none,1.2041606938480394,1.0403523483131358,0.9315729481574752,817,354.33333333333337,-1.3541032716666668,0.6668077919459595,,False,preregistered
abs,8.0,0.5,6,3,trend72,-0.687455220553807,0.9921315751748164,0.9350431596324168,3409,1576.0,-0.7791511716666667,-0.1061910208843083,,False,preregistered
abs,8.0,0.5,6,5,none,2.1032972610545846,1.0465874405779556,0.8797669840400804,1079,333.20000000000005,-1.3025395498333334,0.7709154609360354,,False,preregistered
abs,8.0,0.5,6,5,trend72,-0.7325411108652635,0.9867513608956274,0.939755579322514,4901,1591.8000000000002,-0.7662523990000001,-0.179435457265413,,False,preregistered
abs,8.0,0.5,6,10,none,2.428208475257568,1.0487079050496029,0.8690765194468577,1443,294.51746031746035,-1.270852310519841,0.8030407981544538,,False,preregistered
abs,8.0,0.5,6,10,trend72,-0.704522651048835,0.9892774670183188,0.9368431716823692,8045,1597.514285714286,-0.7523549595674603,-0.1450222769024145,,False,preregistered
abs,8.0,1.0,1,3,none,0.3164452867993994,1.0331610907973463,0.842932668678518,2921,1495.333333333333,-1.4115059766666669,0.5109452941342957,,False,preregistered
abs,8.0,1.0,1,3,trend72,-0.2001576485767013,1.0225763529836076,0.8314395237044737,3739,1948.666666666667,-0.7622452999999999,0.2532937376179819,,False,preregistered
abs,8.0,1.0,1,5,none,0.0624506963534536,1.0276863833919705,0.8703006251405156,3599,1439.5,-1.366546263,0.4295313079406691,,False,preregistered
abs,8.0,1.0,1,5,trend72,-0.2072002196635806,1.0219157546553388,0.8287589473663325,4842,1922.5666666666664,-0.757723413,0.2451591724618234,,False,preregistered
abs,8.0,1.0,1,10,none,0.1204571026979153,1.028468895587342,0.8693836694550149,4729,1396.3142857142857,-1.3317956174365078,0.4396026726742445,,False,preregistered
abs,8.0,1.0,1,10,trend72,-0.2480216343528872,1.0198575567959216,0.8394823323370786,6771,1928.131746031746,-0.753196331515873,0.2221328197357935,,False,preregistered
abs,8.0,1.0,3,3,none,0.3967931001413454,1.034807919299931,0.9194692492544008,1481,740.0,-1.3380315016666666,0.5159817921045075,,False,preregistered
abs,8.0,1.0,3,3,trend72,-0.5289757177673651,1.003395563406822,0.9182107565792942,2984,1462.0,-0.7331520166666666,0.038278805065487,,False,preregistered
abs,8.0,1.0,3,5,none,0.5636454315508432,1.036619833516652,0.8896413876858361,1856,710.7333333333333,-1.2939047211666663,0.5432465774181411,,False,preregistered
abs,8.0,1.0,3,5,trend72,-0.4511732567284116,1.0081709216451011,0.8994335488301549,4175,1464.3000000000002,-0.7224641843333333,0.0916570671676291,,False,preregistered
abs,8.0,1.0,3,10,none,0.5657598779014095,1.0364746303812906,0.884904480447096,2721,698.895238095238,-1.259894588436508,0.5390741233057624,,False,preregistered
abs,8.0,1.0,3,10,trend72,-0.4801521804154955,1.0061018814044802,0.9026234441499624,6470,1486.4873015873015,-0.7158440938293651,0.0684867869033124,,False,preregistered
abs,8.0,1.0,6,3,none,-0.4047785702838113,1.0154805548360366,0.9459348615903076,833,402.33333333333326,-1.2342384583333337,0.220180722547713,,False,preregistered
abs,8.0,1.0,6,3,trend72,-0.7792435122898882,0.9764315803233652,0.9320670504511628,2639,1223.6666666666667,-0.6896310883333334,-0.2599667236219355,,False,preregistered
abs,8.0,1.0,6,5,none,-0.1466348917480813,1.0227257917149375,0.9118751801717944,1116,392.4333333333333,-1.1910478838333334,0.3227711539068634,,False,preregistered
abs,8.0,1.0,6,5,trend72,-0.7939904127951779,0.9725726979938056,0.9349233947366492,3945,1244.3333333333337,-0.6795838633333333,-0.30217208808361,,False,preregistered
abs,8.0,1.0,6,10,none,-0.1487949495564063,1.0220905129634352,0.91086601138592,1684,378.6571428571429,-1.166421099607143,0.3121359986491558,,False,preregistered
abs,8.0,1.0,6,10,trend72,-0.7893765104479453,0.9728846593755076,0.9336004487092564,6588,1263.8031746031747,-0.6721140092936508,-0.298486922460026,,False,preregistered
abs,12.0,0.25,1,3,none,1.207388548491581,1.0445468900688992,0.819945558266675,1834,824.6666666666666,-1.3592118416666668,0.6669770547067894,,False,preregistered
abs,12.0,0.25,1,3,trend72,-0.0388740585840095,1.035699582863055,0.882411306885043,3184,1506.3333333333333,-0.7496953516666667,0.3509445821503869,,False,preregistered
abs,12.0,0.25,1,5,none,0.7927060225453952,1.03990063997334,0.8451348486818813,2234,730.2666666666668,-1.3175604578333333,0.5964423485322836,,False,preregistered
abs,12.0,0.25,1,5,trend72,-0.1147737110041153,1.0326430068032235,0.8817635419345026,4452,1479.2666666666669,-0.7413269575000001,0.3195149679702516,,False,preregistered
abs,12.0,0.25,1,10,none,1.1936801692541157,1.0443138380743282,0.8367746510644347,2810,630.8214285714286,-1.2876119962261905,0.6581736463230439,,False,preregistered
abs,12.0,0.25,1,10,trend72,-0.1170876992390748,1.0324114049849686,0.8789760983398529,6664,1465.2706349206348,-0.7357132297619047,0.3166403118243051,,False,preregistered
abs,12.0,0.25,3,3,none,0.386933979475875,1.034649891633994,0.9275675129760468,932,396.33333333333337,-1.244074328333333,0.5129835083232487,,False,preregistered
abs,12.0,0.25,3,3,trend72,-0.8542280604643513,0.9657853121232084,0.9450143153370698,2781,1272.0,-0.6681657183333334,-0.3945230686012603,,False,preregistered
abs,12.0,0.25,3,5,none,0.8087993232636153,1.0399034210664306,0.8895132774449521,1178,356.43333333333334,-1.197657522,0.5902568154296725,,False,preregistered
abs,12.0,0.25,3,5,trend72,-0.8294571098180001,0.9700029655293524,0.9352408561856153,3972,1254.8666666666666,-0.6576457206666666,-0.3441730143562204,,False,preregistered
abs,12.0,0.25,3,10,none,0.7065164224055356,1.038480215163322,0.8887138414763803,1431,294.834126984127,-1.1702228557777778,0.5674287113925996,,False,preregistered
abs,12.0,0.25,3,10,trend72,-0.8260563864896436,0.9702501261038048,0.9340102025608013,6582,1256.3531746031747,-0.6491860306190476,-0.3412432018129172,,False,preregistered
abs,12.0,0.25,6,3,none,1.5025083624121658,1.0499594981897429,0.8466398481256654,489,207.33333333333331,-1.2247790716666669,0.7025288090174092,,False,preregistered
abs,12.0,0.25,6,3,trend72,-0.3820223058215758,1.0146105835258024,0.8719621347526391,2357,1158.3333333333337,-0.6547583000000001,0.1640971837361286,,False,preregistered
abs,12.0,0.25,6,5,none,2.2720068818277164,1.0560232432358962,0.7625128951988638,638,188.4,-1.196231791,0.7859387974792574,,False,preregistered
abs,12.0,0.25,6,5,trend72,-0.3704199666237516,1.0148663268888898,0.8614122434834293,3329,1152.7333333333331,-0.6459819405,0.1663244933517572,,False,preregistered
abs,12.0,0.25,6,10,none,1.6558889253356115,1.0511373156259585,0.7783873599918567,834,158.91666666666666,-1.1714908608412695,0.717109520601864,,False,preregistered
abs,12.0,0.25,6,10,trend72,-0.3539974899888529,1.015616784498279,0.8570898319594544,5369,1156.8261904761905,-0.6380043528333335,0.1745893659407587,,False,preregistered
abs,12.0,0.5,1,3,none,2.1910758889531623,1.0572374469527577,0.6352730640229084,1761,870.0,-1.2981605933333331,0.7789894962355253,,False,preregistered
abs,12.0,0.5,1,3,trend72,-0.0719730310056977,1.0361410853076671,0.8281803719860458,2598,1294.6666666666663,-0.6878356116666666,0.3172662292231345,,False,preregistered
abs,12.0,0.5,1,5,none,1.9711205139003651,1.0556072175212716,0.6216236374489519,2134,800.8333333333334,-1.2648232428333332,0.7544497207920315,,False,preregistered
abs,12.0,0.5,1,5,trend72,-0.0980937166062411,1.0347934290045484,0.8343175770140634,3534,1274.1666666666663,-0.684484699,0.3037348596521793,,False,preregistered
abs,12.0,0.5,1,10,none,1.9780637367155087,1.0559173850487955,0.6326678312450047,2809,738.1198412698412,-1.2416714768055557,0.755638387079196,,False,preregistered
abs,12.0,0.5,1,10,trend72,-0.1203960940196131,1.033631099331486,0.8376844005970272,4950,1268.4587301587303,-0.6809733610476191,0.293156149019281,,False,preregistered
abs,12.0,0.5,3,3,none,-0.2187791139556322,1.021380325206941,0.9419952716830988,879,403.33333333333337,-1.15568437,0.2846463389293452,,False,preregistered
abs,12.0,0.5,3,3,trend72,-0.7449012300739796,0.9762983748320057,0.9023087400651038,2295,1036.3333333333333,-0.6181048916666667,-0.2345155685311276,,False,preregistered
abs,12.0,0.5,3,5,none,0.0555416346948318,1.0284378326432055,0.9126854412666195,1098,371.4333333333333,-1.1139184091666667,0.3771774752311778,,False,preregistered
abs,12.0,0.5,3,5,trend72,-0.7330236297823809,0.977222359560005,0.8966762592378985,3345,1041.7666666666669,-0.6103733366666666,-0.2245784522071105,,False,preregistered
abs,12.0,0.5,3,10,none,-0.0931614029691572,1.023668504110842,0.9167454463532876,1499,331.7690476190476,-1.092183189154762,0.3134548363555717,,False,preregistered
abs,12.0,0.5,3,10,trend72,-0.7273761824740503,0.9777395823334843,0.8945988212370956,5240,1055.4611111111112,-0.6052999554761904,-0.2191385712737488,,False,preregistered
abs,12.0,0.5,6,3,none,1.8430059832791708,1.0619466911181286,0.8440194030391721,469,215.33333333333331,-1.10787953,0.7385675286272622,,False,preregistered
abs,12.0,0.5,6,3,trend72,0.6681227664694549,1.0572167592165005,0.8456236498926604,1884,880.6666666666666,-0.5677640433333333,0.527601738910845,,False,preregistered
abs,12.0,0.5,6,5,none,3.170586338775683,1.0736016907434085,0.7516855672415714,611,203.8,-1.0831760366666665,0.8710302599554026,,False,preregistered
abs,12.0,0.5,6,5,trend72,0.7657119714652614,1.0600960781023203,0.8287506433611321,2804,887.9333333333333,-0.55946533,0.5497326316258683,,False,preregistered
abs,12.0,0.5,6,10,none,2.605529889585826,1.0696287302721017,0.7472722044597995,795,178.65238095238095,-1.0607809308571428,0.821097887883788,,False,preregistered
abs,12.0,0.5,6,10,trend72,0.857151147412974,1.0624324370266487,0.8175812630942517,4646,898.4222222222222,-0.5535981156587302,0.5701653989649703,,False,preregistered
abs,12.0,1.0,1,3,none,3.8867702451155983,1.080058925007744,0.6094508989559326,1704,959.3333333333331,-1.1190392833333334,0.929600103524328,,False,preregistered
abs,12.0,1.0,1,3,trend72,0.5548269925091085,1.0695399799697745,0.8134680902693175,1957,1072.3333333333333,-0.5488953516666666,0.4909446334365543,,False,preregistered
abs,12.0,1.0,1,5,none,3.500992468696631,1.078071203069522,0.6392700950303485,2098,942.2666666666668,-1.091999150833333,0.9038671370724092,,False,preregistered
abs,12.0,1.0,1,5,trend72,0.5050689886938278,1.0680392774728338,0.8194721258188307,2664,1065.1,-0.5462131066666666,0.4777661998872087,,False,preregistered
abs,12.0,1.0,1,10,none,3.229111256954924,1.0766025705127782,0.6564143614079151,2668,918.3230158730158,-1.073982930468254,0.8836411766930846,,False,preregistered
abs,12.0,1.0,1,10,trend72,0.4629640118163483,1.0666179593272196,0.8277456012423492,3524,1066.892857142857,-0.5439725019960318,0.4668140296164769,,False,preregistered
abs,12.0,1.0,3,3,none,-0.4159040660560613,1.012963053348264,0.858661742122188,871,469.0,-1.018231288333333,0.1473434632945612,,False,preregistered
abs,12.0,1.0,3,3,trend72,-0.729492270447426,0.9699504046542116,0.8842893631262998,1582,794.3333333333334,-0.4859081799999999,-0.2414556357243067,,False,preregistered
abs,12.0,1.0,3,5,none,-0.1940877681968875,1.022562331242141,0.7918329253066416,1091,460.6666666666667,-0.9932747281666668,0.2554379843106008,,False,preregistered
abs,12.0,1.0,3,5,trend72,-0.7215479505974055,0.9707040159313496,0.878062388106783,2281,809.7666666666668,-0.4812891428333333,-0.2344010095402509,,False,preregistered
abs,12.0,1.0,3,10,none,-0.2592757616100731,1.0190615505041567,0.8087354556491212,1472,454.6,-0.9779234070833334,0.2155564459064038,,False,preregistered
abs,12.0,1.0,3,10,trend72,-0.7303142788674009,0.968824343092934,0.8789105870323846,3277,822.7269841269841,-0.4790199071031745,-0.2495301754253941,,False,preregistered
abs,12.0,1.0,6,3,none,-0.5426595600090816,1.005503753886193,0.830613552025656,484,253.66666666666669,-0.96264253,0.0557615629847315,,False,preregistered
abs,12.0,1.0,6,3,trend72,-0.3586811392815555,1.0100808364108644,0.8294924762258338,1359,648.3333333333334,-0.4463076449999999,0.0773635135637222,,False,preregistered
abs,12.0,1.0,6,5,none,-0.3578275445562817,1.016660630566266,0.7219742756681298,646,252.76666666666665,-0.944835581,0.1676699917252595,,False,preregistered
abs,12.0,1.0,6,5,trend72,-0.342710047424142,1.010938561056394,0.8216203567313641,2027,667.4333333333334,-0.4405064983333333,0.0834318937112032,,False,preregistered
abs,12.0,1.0,6,10,none,-0.42319806395256,1.0117782664779236,0.7492804125099077,1008,254.3492063492064,-0.9301771036428572,0.1182180912031538,,False,preregistered
abs,12.0,1.0,6,10,trend72,-0.3524434895878495,1.0096843975784346,0.8189036259462661,3150,679.6825396825398,-0.4375150058928571,0.0738973735434305,,False,preregistered
abs,20.0,0.25,1,3,none,0.6889321797619816,1.0481140617281428,0.7132573116734341,855,408.3333333333333,-1.0594892066666666,0.5414363255659591,,False,preregistered
abs,20.0,0.25,1,3,trend72,0.2208697546700968,1.046858535712491,0.7573859527091756,1414,708.6666666666667,-0.5130306233333333,0.3737392725759076,,False,preregistered
abs,20.0,0.25,1,5,none,1.0457955578846103,1.054943184741264,0.6405729699966086,1048,380.2,-1.0377597225,0.6140738392325049,,False,preregistered
abs,20.0,0.25,1,5,trend72,0.2442677989919741,1.047954387590708,0.7470350338905358,1964,709.2000000000002,-0.5111354215,0.381245440224902,,False,preregistered
abs,20.0,0.25,1,10,none,0.8268376201988572,1.0508069803933475,0.6892322233363533,1248,335.2126984126984,-1.0231522385357144,0.5683048678125141,,False,preregistered
abs,20.0,0.25,1,10,trend72,0.2627585345571399,1.04878421325231,0.7448429499680971,2525,701.9111111111112,-0.5102036515753968,0.3874453525342728,,False,preregistered
abs,20.0,0.25,3,3,none,-0.3121116418590314,1.0216072931085969,0.8524818669288223,420,193.0,-0.9266845183333332,0.2154509018245896,,False,preregistered
abs,20.0,0.25,3,3,trend72,-0.6034890332133427,0.98275770150372,0.8201005803340703,1056,511.6666666666667,-0.4124315216666666,-0.1291868986481015,,False,preregistered
abs,20.0,0.25,3,5,none,-0.179664624457288,1.0273612242475845,0.8110712175128052,478,167.83333333333334,-0.9137740608333332,0.2708132783602086,,False,preregistered
abs,20.0,0.25,3,5,trend72,-0.4901049321063148,0.9971457019696428,0.788077142622445,1599,516.3333333333334,-0.4091850299999999,-0.0211382740565124,,False,preregistered
abs,20.0,0.25,3,10,none,-0.1473050712820796,1.0284587183598588,0.8035780505172975,610,141.4738095238095,-0.8989289809166667,0.2799952536860368,,False,preregistered
abs,20.0,0.25,3,10,trend72,-0.4814833169443739,0.997967054607457,0.7834887034903351,2480,519.0619047619048,-0.4082012102301586,-0.0150544526452426,,False,preregistered
abs,20.0,0.25,6,3,none,0.7946506833757503,1.070871448999813,0.7060769905562406,197,89.66666666666666,-0.7833089066666666,0.5573189611817745,,False,preregistered
abs,20.0,0.25,6,3,trend72,0.2228982969685495,1.055007529233668,0.6820281742907072,771,378.0,-0.3246272799999999,0.3504344549528808,,False,preregistered
abs,20.0,0.25,6,5,none,1.2835122625037196,1.084174600974634,0.6439325752253702,214,73.76666666666667,-0.7764429236666667,0.6568398042636686,,False,preregistered
abs,20.0,0.25,6,5,trend72,0.2618332899942706,1.0575463247313512,0.6669775248533159,1067,373.4333333333334,-0.3222921961666666,0.3659987645978899,,False,preregistered
abs,20.0,0.25,6,10,none,1.526179099405958,1.0904840669604592,0.6105153626442548,290,64.95714285714286,-0.7671703420238095,0.7000408645744505,,False,preregistered
abs,20.0,0.25,6,10,trend72,0.285594816244658,1.0591193842687694,0.657760381170483,1646,376.4587301587302,-0.3205943166785714,0.3755285321735184,,False,preregistered
abs,20.0,0.5,1,3,none,0.7836588157002109,1.0613373691647443,0.5036311417009975,763,406.33333333333326,-0.8826841566666668,0.5530820838792321,,False,preregistered
abs,20.0,0.5,1,3,trend72,0.3497498519567696,1.0651733849651592,0.6512943845535926,1005,536.3333333333333,-0.4090658083333333,0.4087630738428225,,False,preregistered
abs,20.0,0.5,1,5,none,0.6795686474906522,1.0584013191700474,0.5910694922355401,926,388.1666666666666,-0.8645279018333334,0.525759780613204,,False,preregistered
abs,20.0,0.5,1,5,trend72,0.3079839795775174,1.0626168252982644,0.653909138423988,1377,535.3666666666667,-0.4078680186666666,0.3922523394594047,,False,preregistered
abs,20.0,0.5,1,10,none,0.6379455412574895,1.057120197372411,0.5554789954422614,1178,360.4309523809524,-0.8515278728769842,0.5134485775030714,,False,preregistered
abs,20.0,0.5,1,10,trend72,0.3352344007017276,1.0643725454337625,0.6508305032596311,1829,530.1460317460317,-0.4074216564444444,0.4023247878687742,,False,preregistered
abs,20.0,0.5,3,3,none,-0.2940058469453968,1.0231846810229146,0.6803528858955368,360,190.3333333333333,-0.7947536616666666,0.1894334440081371,,False,preregistered
abs,20.0,0.5,3,3,trend72,-0.555194764580452,0.979427220888893,0.7551807602983504,751,390.6666666666667,-0.3272613033333333,-0.1288697045136067,,False,preregistered
abs,20.0,0.5,3,5,none,-0.2466644555588658,1.0253452992245646,0.6607809961471428,455,182.2,-0.7861564536666668,0.20587038739463,,False,preregistered
abs,20.0,0.5,3,5,trend72,-0.4919463488957659,0.989016310633518,0.7405446199314852,1083,399.7000000000001,-0.3255945521666668,-0.068184724811776,,False,preregistered
abs,20.0,0.5,3,10,none,-0.2688005884839245,1.023267667272223,0.6788604840211125,603,168.08968253968254,-0.7765386624285715,0.1877425398991333,,False,preregistered
abs,20.0,0.5,3,10,trend72,-0.5036357282512911,0.9870224384998828,0.7445305969136594,1571,402.5690476190477,-0.3253111923571429,-0.0805431288871903,,False,preregistered
abs,20.0,0.5,6,3,none,-0.1760484717544445,1.0306443486243475,0.7609033449022127,185,88.66666666666666,-0.7328535566666666,0.2171238159063918,,False,preregistered
abs,20.0,0.5,6,3,trend72,-0.1727732058354962,1.020461884298853,0.6466819199307816,602,315.3333333333333,-0.26640623,0.1135261268791721,,False,preregistered
abs,20.0,0.5,6,5,none,-0.0163441527081281,1.0406441650672031,0.7253715716294342,210,79.6,-0.7286725526666666,0.2855014453896702,,False,preregistered
abs,20.0,0.5,6,5,trend72,-0.200576223852957,1.0162893476915913,0.6585569087674046,854,319.83333333333337,-0.2651981746666667,0.0905275644000457,,False,preregistered
abs,20.0,0.5,6,10,none,-0.0012871684277483,1.0413965591909646,0.7211677884258829,309,77.70476190476191,-0.7213236415396826,0.2892445152503296,,False,preregistered
abs,20.0,0.5,6,10,trend72,-0.1923038278347766,1.016950638537864,0.6550236732637508,1289,321.6857142857143,-0.2640060560833333,0.094130490469161,,False,preregistered
abs,20.0,1.0,1,3,none,0.0833222145006071,1.043895865644746,0.7436403705618885,727,433.3333333333333,-0.7485830316666666,0.3314183970826084,,False,preregistered
abs,20.0,1.0,1,3,trend72,1.7522005504895724,1.1625076477299872,0.4716223608324473,702,418.3333333333333,-0.3091444866666666,0.7884936947293509,1.2317057209347193,True,preregistered
abs,20.0,1.0,1,5,none,0.1797787386524452,1.0487474203245464,0.7189081872950163,919,434.2666666666667,-0.7323431495,0.3652489645392787,,False,preregistered
abs,20.0,1.0,1,5,trend72,1.7305944373672617,1.1622355644283735,0.4716223608324477,970,420.4,-0.3076085851666666,0.7847980296532792,1.2119107699457516,True,preregistered
abs,20.0,1.0,1,10,none,0.1426997739069886,1.0468010608781535,0.7222918248478717,1201,430.4690476190476,-0.7243038301230159,0.3490946778512959,,False,preregistered
abs,20.0,1.0,1,10,trend72,1.719796891405617,1.161935381527839,0.4716223608324476,1134,417.8365079365079,-0.3072649862777777,0.7827402160222138,1.2060594264500757,True,preregistered
abs,20.0,1.0,3,3,none,-0.4334019763857506,1.0057819062725994,0.8150978303272723,336,191.0,-0.6555146433333333,0.0366496256398841,,False,preregistered
abs,20.0,1.0,3,3,trend72,-0.2527197537879946,1.010297688315322,0.624240733621976,504,270.0,-0.2346209016666667,0.0475837488806666,,False,preregistered
abs,20.0,1.0,3,5,none,-0.4452979261032195,1.0027382139514636,0.818979924548228,445,193.13333333333333,-0.6494713775000001,0.0173044828288841,,False,preregistered
abs,20.0,1.0,3,5,trend72,-0.2413573986445263,1.011973461013561,0.6305286470756961,686,277.1,-0.234426591,0.0551451938627848,,False,preregistered
abs,20.0,1.0,3,10,none,-0.4913339529307327,0.9958359286218372,0.8340032054083006,668,194.01904761904763,-0.643797639781746,-0.0262629815929106,,False,preregistered
abs,20.0,1.0,3,10,trend72,-0.2276942934765956,1.0142394395306782,0.6305286470756961,894,278.3857142857144,-0.2342150316666666,0.0654439532348688,,False,preregistered
abs,20.0,1.0,6,3,none,0.0882686259293625,1.055906526922458,0.5911904035224971,176,96.33333333333331,-0.6084109416666668,0.3066259075583639,,False,preregistered
abs,20.0,1.0,6,3,trend72,-0.1644821638461792,1.0172130916337685,0.5775402947476072,343,187.0,-0.1827399466666666,0.0727081628832937,,False,preregistered
abs,20.0,1.0,6,5,none,0.2289711150214,1.0666350134784583,0.5701643810244539,230,93.73333333333332,-0.6058302708333334,0.3626763890506859,,False,preregistered
abs,20.0,1.0,6,5,trend72,-0.1743617558557135,1.0152477059645442,0.5775402947476072,513,190.76666666666665,-0.1819431541666666,0.0644438627562315,,False,preregistered
abs,20.0,1.0,6,10,none,0.2212276427052568,1.0660514848437654,0.5562757196063143,360,98.54920634920636,-0.6017120702063492,0.3582704774585502,,False,preregistered
abs,20.0,1.0,6,10,trend72,-0.1894936839828779,1.0122212005268825,0.5775402947476072,648,194.2555555555556,-0.1819996131666666,0.0517314478219789,,False,preregistered
pct,0.9,,1,3,none,-0.826472463277154,1.004101867145728,0.98000234394872,6343,2721.6666666666665,-1.3984526783333333,0.0925287215025941,,False,preregistered
pct,0.9,,1,3,trend72,-0.4412240363027206,1.012588935168377,0.8234699451799556,7636,3897.0,-0.7547491716666667,0.2204217982054371,,False,preregistered
pct,0.9,,1,5,none,-0.8690263566343699,0.9995638381570576,0.9830944094043232,8122,2556.866666666667,-1.2957038543333337,-0.0098968678041399,,False,preregistered
pct,0.9,,1,5,trend72,-0.573657334681136,1.0072729318342788,0.8641559991392087,9562,3898.366666666667,-0.7407418001666667,0.127679074245414,,False,preregistered
pct,0.9,,1,10,none,-0.8299580187715703,1.0018532772406905,0.9782081489242324,10468,2411.752380952381,-1.2177080362936508,0.0418921520838818,,False,preregistered
pct,0.9,,1,10,trend72,-0.6003485528628731,1.0060201178453207,0.8716787068630603,11276,3892.140476190476,-0.7364441819801587,0.1057808415071276,,False,preregistered
pct,0.9,,3,3,none,-0.2787623782604462,1.0201510621639092,0.9379621207264308,3332,1381.3333333333333,-1.3594202566666669,0.4318645555237186,,False,preregistered
pct,0.9,,3,3,trend72,-0.908400141413797,0.9865870587680928,0.972295291287341,6986,3371.0,-0.7553555550000001,-0.2163545565239216,,False,preregistered
pct,0.9,,3,5,none,-0.4891869205613335,1.015114563944188,0.9268273181984644,4405,1287.8666666666668,-1.2549874885,0.3254699755124903,,False,preregistered
pct,0.9,,3,5,trend72,-0.9267417035991612,0.9820734141381392,0.9766230044190142,9292,3393.0333333333333,-0.7349743719999999,-0.2891849000166529,,False,preregistered
pct,0.9,,3,10,none,-0.5895295547216686,1.0120165543398725,0.942966094252377,6294,1218.1404761904762,-1.173209907,0.258123224128865,,False,preregistered
pct,0.9,,3,10,trend72,-0.9342303283139884,0.9800681400530706,0.9782507430719872,12309,3403.8253968253966,-0.7279886028373015,-0.3215781613467156,,False,preregistered
pct,0.9,,6,3,none,-0.7217287856702566,1.0065807552717678,0.9572681990782904,2233,926.3333333333334,-1.293792243333333,0.1466067705668434,,False,preregistered
pct,0.9,,6,3,trend72,-0.847643692241808,0.990943086454494,0.9472251347266556,6837,3130.0,-0.7035352483333333,-0.159678650257877,,False,preregistered
pct,0.9,,6,5,none,-0.6669871828817351,1.0075030862238004,0.9383582928805811,3068,874.5999999999999,-1.1952278175,0.1678524731349068,,False,preregistered
pct,0.9,,6,5,trend72,-0.8600287313499441,0.9887256245032744,0.9466470755586603,9298,3133.833333333333,-0.6831237658333333,-0.199574655731717,,False,preregistered
pct,0.9,,6,10,none,-0.6599272741620066,1.0070373023453911,0.921146013636348,4658,841.2769841269842,-1.1149999000277775,0.1577357691268089,,False,preregistered
pct,0.9,,6,10,trend72,-0.8664570227493428,0.9876965332802552,0.9481583352439472,12889,3155.772222222223,-0.6751309151468253,-0.2176563043110686,,False,preregistered
pct,0.95,,1,3,none,-0.6785929770138117,1.00905485811244,0.9401575923617698,5259,2395.333333333333,-1.2757287616666666,0.1882423606301801,,False,preregistered
pct,0.95,,1,3,trend72,-0.7033597610614384,0.9979467013081328,0.8873965125827868,5127,2917.6666666666665,-0.623899435,-0.0302507165265871,,False,preregistered
pct,0.95,,1,5,none,-0.7125312716474126,1.0066885500687373,0.9374259667250896,6526,2269.633333333333,-1.1951595375,0.1396625126588016,,False,preregistered
pct,0.95,,1,5,trend72,-0.748825385058276,0.9939568154606604,0.9038304648870044,6171,2926.2000000000003,-0.618258105,-0.0891090672577342,,False,preregistered
pct,0.95,,1,10,none,-0.617750682006887,1.0099163637079107,0.9168341875939164,8382,2186.9,-1.1328698373174604,0.206605973867647,,False,preregistered
pct,0.95,,1,10,trend72,-0.7520983273124393,0.9936158126036152,0.9039601070020744,7189,2923.669841269841,-0.6155737371230159,-0.0941421550698173,,False,preregistered
pct,0.95,,3,3,none,-0.4969191814806326,1.0168884389314437,0.9369409104498504,2904,1273.0,-1.2204701066666668,0.3314220928160917,,False,preregistered
pct,0.95,,3,3,trend72,-0.6241263478343028,1.0107515875566382,0.9086047507246532,5083,2635.666666666667,-0.624972045,0.1484421277347578,,False,preregistered
pct,0.95,,3,5,none,-0.5054030879658258,1.0158256668060668,0.940882652753842,3780,1213.4,-1.1371696295,0.3111288933908975,,False,preregistered
pct,0.95,,3,5,trend72,-0.7041054816102505,1.005409225662799,0.9253650181404552,6680,2669.233333333333,-0.6127352989999999,0.0746467416987376,,False,preregistered
pct,0.95,,3,10,none,-0.5018228887159398,1.0155097174856982,0.940504127151337,5211,1158.4246031746034,-1.0683025042222225,0.3033320954051012,,False,preregistered
pct,0.95,,3,10,trend72,-0.7391896144175201,1.0026637759306356,0.934048589741581,8568,2682.116666666667,-0.6074771916269841,0.0367839357487235,,False,preregistered
pct,0.95,,6,3,none,-0.5423058743992508,1.0125055436170234,0.9417620402960074,1974,846.6666666666667,-1.1845993866666666,0.2541363560031611,,False,preregistered
pct,0.95,,6,3,trend72,-0.8283731289550568,0.9880890146481804,0.9388469911551198,5217,2520.6666666666665,-0.6030022066666666,-0.1845851863043497,,False,preregistered
pct,0.95,,6,5,none,-0.4640878463427362,1.013617638008593,0.9133736808606122,2658,799.9666666666667,-1.102443632333333,0.2776408760784754,,False,preregistered
pct,0.95,,6,5,trend72,-0.8492272394367408,0.9847143726268358,0.938875641548209,6984,2523.0,-0.589050022,-0.2374766248256615,,False,preregistered
pct,0.95,,6,10,none,-0.3901759332154384,1.0149330911331431,0.8887266201198428,3908,772.4119047619048,-1.035414479218254,0.3046433543888263,,False,preregistered
pct,0.95,,6,10,trend72,-0.8500438223856196,0.984465299702826,0.941297664364274,9504,2539.453968253968,-0.5837964246944445,-0.2410904750474131,,False,preregistered
pct,0.98,,1,3,none,-0.7153410239361331,1.0050114744687284,0.8922665937921808,3596,1751.0,-1.0864585616666669,0.091434631494856,,False,preregistered
pct,0.98,,1,3,trend72,-0.4653389022251947,1.0080126283787871,0.6735799806924611,2986,1839.0,-0.4610970616666667,0.0938082534021536,,False,preregistered
pct,0.98,,1,5,none,-0.6812070272978623,1.0059316514854002,0.8703455597202909,4404,1673.6666666666667,-1.0258738883333334,0.1084702283221477,,False,preregistered
pct,0.98,,1,5,trend72,-0.476359731543776,1.0072522548876082,0.6798764504093073,3497,1848.1,-0.4586314348333333,0.0849455969873121,,False,preregistered
pct,0.98,,1,10,none,-0.6217205451029811,1.0082126746264857,0.8294027739935619,5528,1614.0261904761903,-0.9816591549166668,0.1499889428378342,,False,preregistered
pct,0.98,,1,10,trend72,-0.4923600261854762,1.0061974240180895,0.6907486066459496,3991,1849.726984126984,-0.4575153666031746,0.0726088282925645,,False,preregistered
pct,0.98,,3,3,none,-0.8744494499730229,0.9955782760718428,0.9464741402024774,2282,1039.3333333333337,-1.107406873333333,-0.0781075691971207,,False,preregistered
pct,0.98,,3,3,trend72,-0.8126379015559655,0.9881794116362558,0.8933114888309079,3529,1893.6666666666663,-0.5198308266666667,-0.1342130646088541,,False,preregistered
pct,0.98,,3,5,none,-0.8470956465695565,0.9972256587077152,0.9316784530408304,3003,995.6,-1.0362849881666667,-0.0489548359298308,,False,preregistered
pct,0.98,,3,5,trend72,-0.8408057589714907,0.9834769647801542,0.907136492699898,4464,1902.7333333333336,-0.5125604753333334,-0.1874571160740784,,False,preregistered
pct,0.98,,3,10,none,-0.8686770330816165,0.994273076652006,0.9439804480646852,4203,958.7801587301587,-0.9793548786785716,-0.1006416325963605,,False,preregistered
pct,0.98,,3,10,trend72,-0.8462735868260735,0.9824489260087,0.910859359860846,5375,1907.264285714286,-0.5097986594642856,-0.1991329125759944,,False,preregistered
pct,0.98,,6,3,none,-0.91857461713822,0.9870937056910152,0.9734764623975776,1776,782.3333333333333,-1.1063215416666663,-0.2501906998814494,,False,preregistered
pct,0.98,,6,3,trend72,-0.8693313579068053,0.977214528016337,0.9351578301072296,4260,2120.666666666667,-0.5265450266666667,-0.3231174874203317,,False,preregistered
pct,0.98,,6,5,none,-0.9109898923697792,0.9866927505505264,0.9703551859235648,2419,755.8,-1.0328215605,-0.2594586537147418,,False,preregistered
pct,0.98,,6,5,trend72,-0.8921191745199138,0.9720035474591776,0.9457400583883824,5720,2145.6000000000004,-0.5162582945,-0.3982089087603704,,False,preregistered
pct,0.98,,6,10,none,-0.8956443729384803,0.9881467780745532,0.9614647689506494,3514,722.9293650793651,-0.9745953161666668,-0.2310293702962166,,False,preregistered
pct,0.98,,6,10,trend72,-0.8889055068239037,0.9725169418025448,0.943511600686497,7376,2154.061111111111,-0.5143593059801588,-0.390424252629835,,False,preregistered
abs,30.0,0.5,1,3,none,-0.565534821331151,0.9835677427919957,0.8587040168579338,322,192.0,-0.5945049783333334,-0.09750896193275856,-0.6054817172661839,False,ext
abs,30.0,0.5,1,3,trend72,0.20393082956070674,1.085940654588988,0.5771114326487858,295,193.0,-0.18338879833333332,0.32440258458691656,0.0925611073259931,False,ext
abs,30.0,0.5,1,5,none,-0.5228608022008037,0.9897024176392817,0.844825649191922,379,185.16666666666669,-0.5908078955,-0.060582128830608664,-0.5652355500975064,False,ext
abs,30.0,0.5,1,5,trend72,0.2201598770954707,1.088180131116029,0.5771114326487857,371,197.23333333333335,-0.18293959333333332,0.33263330795773016,0.10496705398770767,False,ext
abs,30.0,0.5,3,3,none,-0.0030045394054598606,1.059627409067226,0.7714574724166164,112,67.0,-0.5402929416666666,0.28374049720514305,-0.03592281854044033,False,ext
abs,30.0,0.5,3,3,trend72,-0.35725838938677,0.9681942494549366,0.6523848965218616,159,108.0,-0.12028322833333334,-0.10378531961972608,-0.3912604515568928,False,ext
abs,30.0,0.5,3,5,none,0.012206486714879228,1.0607657848938854,0.7679706297036052,137,65.76666666666667,-0.5390943865,0.28830492975053057,-0.020612967415834182,False,ext
abs,30.0,0.5,3,5,trend72,-0.3700952304380356,0.9639670837485423,0.6523848965218616,201,111.53333333333333,-0.119739082,-0.11754165642620745,-0.4044798172965607,False,ext
abs,30.0,1.0,1,3,none,-0.28210009721508145,1.0217131445673402,0.7757619579600525,314,200.66666666666669,-0.5415548783333333,0.10664209113692681,-0.35087088897637286,False,ext
abs,30.0,1.0,1,3,trend72,0.2424370588487641,1.1094370952938648,0.45587725718096483,250,174.66666666666669,-0.13906625,0.33602957012156864,0.1380591690636932,False,ext
abs,30.0,1.0,1,5,none,-0.256314835902571,1.0247647595315315,0.763584926356262,383,202.26666666666665,-0.5385842783333334,0.12100555198812353,-0.3280720263850483,False,ext
abs,30.0,1.0,1,5,trend72,0.23096082736430268,1.1071795778850573,0.4620824354288645,269,174.46666666666667,-0.13896234916666667,0.3295122730308058,0.12765577443871567,False,ext
abs,30.0,1.0,3,3,none,0.8369245776543315,1.1604112143103407,0.537826008429069,104,69.33333333333334,-0.47897871333333336,0.5657922018202709,0.7741751874312974,False,ext
abs,30.0,1.0,3,3,trend72,-0.35444689722868794,0.9241266586107195,0.5648389932816857,117,83.66666666666666,-0.09200618666666667,-0.18212625423744816,-0.3810622687048508,False,ext
abs,30.0,1.0,3,5,none,0.7638029118680765,1.154207146605018,0.5378260084290691,124,71.23333333333333,-0.47752506050000004,0.5447133574815544,0.7019452003732956,False,ext
abs,30.0,1.0,3,5,trend72,-0.3633057773662892,0.9197510426532389,0.5648389932816857,133,84.93333333333334,-0.09177164333333333,-0.19309450531810218,-0.38994448372625923,False,ext
abs,40.0,0.5,1,3,none,-0.017048799490435473,1.0604122679462673,0.6987879004623263,129,98.33333333333334,-0.4953449533333333,0.23239109272187505,-0.06436391938576824,False,ext
abs,40.0,0.5,1,3,trend72,0.24173874882672752,1.1550592081658368,0.3071373824434027,99,77.33333333333334,-0.09764382999999999,0.33388721586336345,0.19434069147778033,False,ext
abs,40.0,0.5,1,5,none,0.024152642656838363,1.0661202674152392,0.6861622758263048,148,98.30000000000001,-0.4959027578333334,0.2540475027261437,-0.025135138929651024,False,ext
abs,40.0,0.5,1,5,trend72,0.24476403268938207,1.1561958392819691,0.3071373824434027,103,77.6,-0.09761546666666665,0.33603682502030907,0.19709160284317084,False,ext
abs,40.0,0.5,3,3,none,-0.087873435249748,1.0483006433653226,0.6439284281220252,38,31.0,-0.40373334166666663,0.14035523308605424,-0.10192713834224987,False,ext
abs,40.0,0.5,3,3,trend72,-0.2525913803945168,0.8527385742293132,0.35831898010457386,59,41.66666666666667,-0.05413220666666667,-0.2932427969183539,-0.26802386482869767,False,ext
abs,40.0,0.5,3,5,none,-0.09008007916498217,1.0477497304930188,0.6447898471375841,43,31.666666666666668,-0.40267285999999997,0.1384485468470637,-0.1043943699487121,False,ext
abs,40.0,0.5,3,5,trend72,-0.25003598510542935,0.8542796122143432,0.35831898010457386,65,42.0,-0.053715925,-0.2891758126161825,-0.26563811205371257,False,ext
abs,40.0,1.0,1,3,none,0.050267439042420925,1.0752564244564946,0.6425278402712717,133,104.0,-0.44954974833333333,0.25699827863137514,-0.0031517744678021264,False,ext
abs,40.0,1.0,1,3,trend72,0.03727546132513071,1.0924928224473403,0.3126028764371661,82,68.0,-0.06878439333333333,0.17090335551637104,0.00232447475113573,False,ext
abs,40.0,1.0,1,5,none,0.09399905131387665,1.0819913580669418,0.6276432182160074,152,104.23333333333332,-0.45010755283333337,0.279569713745275,0.03822805682357844,False,ext
abs,40.0,1.0,1,5,trend72,0.03928700593502232,1.0935275205526345,0.3126028764371661,84,68.16666666666666,-0.0688357175,0.17266571252882698,0.004184920201776077,False,ext
abs,40.0,1.0,3,3,none,0.039366059575177026,1.0829323650299143,0.6017458248937817,43,36.0,-0.3861838066666667,0.21308007473614524,0.02075723752715919,False,ext
abs,40.0,1.0,3,3,trend72,-0.3406367561505893,0.7334612494316323,0.3905874786728354,42,35.333333333333336,-0.04950821,-0.49753372855461425,-0.35221791218365694,False,ext
abs,40.0,1.0,3,5,none,0.0358179096316642,1.081961759602202,0.6031053704705194,45,36.5,-0.3860489575,0.2106402573604341,0.01701979329404746,False,ext
abs,40.0,1.0,3,5,trend72,-0.3406367561505893,0.7334612494316323,0.3905874786728354,42,35.333333333333336,-0.04950821,-0.49753372855461425,-0.35221791218365694,False,ext
abs,60.0,0.5,1,3,none,0.11855402958191918,1.1185749517573136,0.6796415627882268,46,42.0,-0.34433992,0.2772634679106282,0.09510965249474412,False,ext
abs,60.0,0.5,1,3,trend72,0.07354520288933397,1.1515144735677052,0.27399711382189273,36,36.0,-0.04354772,0.19413672134080304,0.05420739579665579,False,ext
abs,60.0,0.5,1,5,none,0.12227154935658135,1.1193874416866656,0.678576849959147,50,42.0,-0.34439882600000005,0.27930186317681993,0.09874896844254577,False,ext
abs,60.0,0.5,1,5,trend72,0.07354520288933397,1.1515144735677052,0.27399711382189273,36,36.0,-0.04354772,0.19413672134080304,0.05420739579665579,False,ext
abs,60.0,0.5,3,3,none,0.9153108873007825,1.4341390782708052,0.321962240485551,12,12.0,-0.28472362,0.7042985637429853,0.9037468980818102,False,ext
abs,60.0,0.5,3,3,trend72,0.08197176063831946,1.2484950488104098,0.12731310140636576,14,14.0,-0.01762856,0.23964160880737,0.07442686582882851,False,ext
abs,60.0,0.5,3,5,none,0.9153108873007825,1.4341390782708052,0.321962240485551,12,12.0,-0.28472362,0.7042985637429853,0.9037468980818102,False,ext
abs,60.0,0.5,3,5,trend72,0.08197176063831946,1.2484950488104098,0.12731310140636576,14,14.0,-0.01762856,0.23964160880737,0.07442686582882851,False,ext
abs,60.0,1.0,1,3,none,0.02933804692263009,1.099157232783561,0.6796415627882268,52,48.0,-0.32700957999999997,0.22492625824423715,0.004762172438933732,False,ext
abs,60.0,1.0,1,3,trend72,0.027447546930592148,1.1203567342946117,0.29924736940295793,34,34.0,-0.033653970000000005,0.14820818313334413,0.009947291805746605,False,ext
abs,60.0,1.0,1,5,none,0.03275905694364556,1.1000090861134326,0.678576849959147,56,48.0,-0.327068486,0.22697519338408403,0.008101241718046825,False,ext
abs,60.0,1.0,1,5,trend72,0.027447546930592148,1.1203567342946117,0.29924736940295793,34,34.0,-0.033653970000000005,0.14820818313334413,0.009947291805746605,False,ext
abs,60.0,1.0,3,3,none,1.1718910739576844,1.6299844566236523,0.27525520715297513,14,14.0,-0.26480934,0.8239497952502002,1.1566421146187293,False,ext
abs,60.0,1.0,3,3,trend72,0.10995825154649985,1.6631905697305458,0.0887512295008841,10,10.0,-0.01238645,0.32384021230700183,0.10441857153481449,False,ext
abs,60.0,1.0,3,5,none,1.1718910739576844,1.6299844566236523,0.27525520715297513,14,14.0,-0.26480934,0.8239497952502002,1.1566421146187293,False,ext
abs,60.0,1.0,3,5,trend72,0.10995825154649985,1.6631905697305458,0.0887512295008841,10,10.0,-0.01238645,0.32384021230700183,0.10441857153481449,False,ext
